"Country","Year","Happiness","GDP","Support","LE","Freedom"
"Afghanistan",2008,3.724,7.37,0.451,50.8,0.718
"Afghanistan",2009,4.402,7.54,0.552,51.2,0.679
"Afghanistan",2010,4.758,7.647,0.539,51.6,0.6
"Afghanistan",2011,3.832,7.62,0.521,51.92,0.496
"Afghanistan",2012,3.783,7.705,0.521,52.24,0.531
"Afghanistan",2013,3.572,7.725,0.484,52.56,0.578
"Afghanistan",2014,3.131,7.718,0.526,52.88,0.509
"Afghanistan",2015,3.983,7.702,0.529,53.2,0.389
"Afghanistan",2016,4.22,7.697,0.559,53,0.523
"Afghanistan",2017,2.662,7.697,0.491,52.8,0.427
"Afghanistan",2018,2.694,7.692,0.508,52.6,0.374
"Afghanistan",2019,2.375,7.697,0.42,52.4,0.394
"Albania",2007,4.634,9.142,0.821,65.8,0.529
"Albania",2009,5.485,9.262,0.833,66.2,0.525
"Albania",2010,5.269,9.303,0.733,66.4,0.569
"Albania",2011,5.867,9.331,0.759,66.68,0.487
"Albania",2012,5.51,9.347,0.785,66.96,0.602
"Albania",2013,4.551,9.359,0.759,67.24,0.632
"Albania",2014,4.814,9.378,0.626,67.52,0.735
"Albania",2015,4.607,9.403,0.639,67.8,0.704
"Albania",2016,4.511,9.437,0.638,68.1,0.73
"Albania",2017,4.64,9.476,0.638,68.4,0.75
"Albania",2018,5.004,9.518,0.684,68.7,0.824
"Albania",2019,4.995,9.544,0.686,69,0.777
"Albania",2020,5.365,9.497,0.71,69.3,0.754
"Algeria",2010,5.464,9.287,NA,64.5,0.593
"Algeria",2011,5.317,9.297,0.81,64.66,0.53
"Algeria",2012,5.605,9.311,0.839,64.82,0.587
"Algeria",2014,6.355,9.335,0.818,65.14,NA
"Algeria",2016,5.341,9.362,0.749,65.5,NA
"Algeria",2017,5.249,9.354,0.807,65.7,0.437
"Algeria",2018,5.043,9.348,0.799,65.9,0.583
"Algeria",2019,4.745,9.337,0.803,66.1,0.385
"Angola",2011,5.589,8.946,0.723,52.5,0.584
"Angola",2012,4.36,8.992,0.753,53.2,0.456
"Angola",2013,3.937,9.005,0.722,53.9,0.41
"Angola",2014,3.795,9.017,0.755,54.6,0.375
"Argentina",2006,6.313,9.942,0.938,66.82,0.733
"Argentina",2007,6.073,10.018,0.862,66.94,0.653
"Argentina",2008,5.961,10.048,0.892,67.06,0.678
"Argentina",2009,6.424,9.977,0.919,67.18,0.637
"Argentina",2010,6.441,10.066,0.927,67.3,0.73
"Argentina",2011,6.776,10.112,0.889,67.48,0.816
"Argentina",2012,6.468,10.091,0.902,67.66,0.747
"Argentina",2013,6.582,10.103,0.91,67.84,0.737
"Argentina",2014,6.671,10.067,0.918,68.02,0.745
"Argentina",2015,6.697,10.083,0.926,68.2,0.881
"Argentina",2016,6.427,10.051,0.883,68.4,0.848
"Argentina",2017,6.039,10.067,0.907,68.6,0.832
"Argentina",2018,5.793,10.032,0.9,68.8,0.846
"Argentina",2019,6.086,10,0.896,69,0.817
"Argentina",2020,5.901,9.85,0.897,69.2,0.823
"Armenia",2006,4.289,9.044,0.682,64.8,0.52
"Armenia",2007,4.882,9.181,0.76,64.9,0.605
"Armenia",2008,4.652,9.256,0.709,65,0.462
"Armenia",2009,4.178,9.111,0.68,65.1,0.441
"Armenia",2010,4.368,9.136,0.66,65.2,0.459
"Armenia",2011,4.26,9.182,0.705,65.36,0.465
"Armenia",2012,4.32,9.249,0.676,65.52,0.502
"Armenia",2013,4.277,9.277,0.723,65.68,0.504
"Armenia",2014,4.453,9.307,0.739,65.84,0.506
"Armenia",2015,4.348,9.334,0.723,66,0.551
"Armenia",2016,4.325,9.333,0.709,66.3,0.611
"Armenia",2017,4.288,9.402,0.698,66.6,0.614
"Armenia",2018,5.062,9.451,0.814,66.9,0.808
"Armenia",2019,5.488,9.522,0.782,67.2,0.844
"Australia",2005,7.341,10.659,0.968,71.4,0.935
"Australia",2007,7.285,10.703,0.965,71.72,0.891
"Australia",2008,7.254,10.719,0.947,71.88,0.916
"Australia",2010,7.45,10.722,0.955,72.2,0.932
"Australia",2011,7.406,10.733,0.967,72.3,0.945
"Australia",2012,7.196,10.754,0.945,72.4,0.935
"Australia",2013,7.364,10.762,0.928,72.5,0.933
"Australia",2014,7.289,10.772,0.924,72.6,0.923
"Australia",2015,7.309,10.779,0.952,72.7,0.922
"Australia",2016,7.25,10.791,0.942,73,0.922
"Australia",2017,7.257,10.798,0.95,73.3,0.911
"Australia",2018,7.177,10.811,0.94,73.6,0.916
"Australia",2019,7.234,10.815,0.943,73.9,0.918
"Australia",2020,7.137,10.76,0.937,74.2,0.905
"Austria",2006,7.122,10.842,0.936,70.76,0.941
"Austria",2008,7.181,10.887,0.935,71.08,0.879
"Austria",2010,7.303,10.861,0.914,71.4,0.896
"Austria",2011,7.471,10.887,0.944,71.54,0.939
"Austria",2012,7.401,10.889,0.945,71.68,0.92
"Austria",2013,7.499,10.883,0.95,71.82,0.922
"Austria",2014,6.95,10.882,0.899,71.96,0.885
"Austria",2015,7.076,10.881,0.928,72.1,0.9
"Austria",2016,7.048,10.891,0.926,72.4,0.889
"Austria",2017,7.294,10.908,0.906,72.7,0.89
"Austria",2018,7.396,10.928,0.912,73,0.904
"Austria",2019,7.195,10.939,0.964,73.3,0.903
"Austria",2020,7.213,10.851,0.925,73.6,0.912
"Azerbaijan",2006,4.728,9.17,0.854,61.88,0.772
"Azerbaijan",2007,4.568,9.386,0.753,62.26,0.522
"Azerbaijan",2008,4.817,9.465,0.684,62.64,0.601
"Azerbaijan",2009,4.574,9.534,0.736,63.02,0.498
"Azerbaijan",2010,4.219,9.569,0.687,63.4,0.501
"Azerbaijan",2011,4.68,9.54,0.725,63.64,0.537
"Azerbaijan",2012,4.911,9.549,0.762,63.88,0.599
"Azerbaijan",2013,5.481,9.592,0.77,64.12,0.672
"Azerbaijan",2014,5.252,9.607,0.799,64.36,0.733
"Azerbaijan",2015,5.147,9.606,0.786,64.6,0.764
"Azerbaijan",2016,5.304,9.564,0.777,64.9,0.713
"Azerbaijan",2017,5.152,9.555,0.787,65.2,0.731
"Azerbaijan",2018,5.168,9.562,0.781,65.5,0.772
"Azerbaijan",2019,5.173,9.575,0.887,65.8,0.854
"Bahrain",2009,5.701,10.709,0.904,65.94,0.896
"Bahrain",2010,5.937,10.706,0.877,66.3,0.862
"Bahrain",2011,4.824,10.696,0.908,66.58,0.87
"Bahrain",2012,5.027,10.716,0.911,66.86,0.682
"Bahrain",2013,6.69,10.757,0.884,67.14,0.809
"Bahrain",2014,6.165,10.783,NA,67.42,NA
"Bahrain",2015,6.007,10.785,0.853,67.7,0.85
"Bahrain",2016,6.17,10.781,0.863,68.1,0.889
"Bahrain",2017,6.227,10.771,0.876,68.5,0.906
"Bahrain",2019,7.098,10.715,0.878,69.3,0.907
"Bahrain",2020,6.173,10.62,0.848,69.7,0.945
"Bangladesh",2006,4.319,7.783,0.672,59.02,0.612
"Bangladesh",2007,4.607,7.839,0.514,59.44,0.605
"Bangladesh",2008,5.052,7.886,0.467,59.86,0.606
"Bangladesh",2009,5.083,7.924,0.528,60.28,0.631
"Bangladesh",2010,4.858,7.967,0.549,60.7,0.659
"Bangladesh",2011,4.986,8.018,0.606,61.12,0.838
"Bangladesh",2012,4.724,8.07,0.582,61.54,0.668
"Bangladesh",2013,4.66,8.116,0.53,61.96,0.742
"Bangladesh",2014,4.636,8.164,0.577,62.38,0.736
"Bangladesh",2015,4.633,8.216,0.601,62.8,0.815
"Bangladesh",2016,4.556,8.274,0.649,63.3,0.875
"Bangladesh",2017,4.31,8.334,0.713,63.8,0.896
"Bangladesh",2018,4.499,8.399,0.706,64.3,0.901
"Bangladesh",2019,5.114,8.467,0.673,64.8,0.902
"Bangladesh",2020,5.28,8.472,0.739,65.3,0.777
"Belarus",2006,5.658,9.489,0.918,61.1,0.707
"Belarus",2007,5.617,9.576,0.858,61.4,0.667
"Belarus",2008,5.463,9.677,0.904,61.7,0.64
"Belarus",2009,5.564,9.681,0.908,62,0.679
"Belarus",2010,5.526,9.758,0.918,62.3,0.7
"Belarus",2011,5.225,9.812,0.91,62.88,0.656
"Belarus",2012,5.749,9.83,0.902,63.46,0.645
"Belarus",2013,5.876,9.839,0.923,64.04,0.723
"Belarus",2014,5.812,9.856,0.88,64.62,0.647
"Belarus",2015,5.719,9.815,0.924,65.2,0.623
"Belarus",2016,5.178,9.788,0.927,65.5,0.658
"Belarus",2017,5.553,9.814,0.9,65.8,0.621
"Belarus",2018,5.234,9.846,0.905,66.1,0.644
"Belarus",2019,5.821,9.86,0.917,66.4,0.657
"Belgium",2005,7.262,10.745,0.935,69.9,0.924
"Belgium",2007,7.219,10.792,0.922,70.26,0.901
"Belgium",2008,7.117,10.789,0.923,70.44,0.887
"Belgium",2010,6.854,10.779,0.931,70.8,0.807
"Belgium",2011,7.111,10.783,0.937,70.92,0.88
"Belgium",2012,6.935,10.784,0.927,71.04,0.855
"Belgium",2013,7.104,10.784,0.909,71.16,0.891
"Belgium",2014,6.855,10.795,0.944,71.28,0.861
"Belgium",2015,6.904,10.81,0.885,71.4,0.869
"Belgium",2016,6.949,10.819,0.929,71.6,0.866
"Belgium",2017,6.928,10.834,0.922,71.8,0.857
"Belgium",2018,6.892,10.844,0.93,72,0.808
"Belgium",2019,6.772,10.853,0.884,72.2,0.776
"Belgium",2020,6.839,10.771,0.904,72.4,0.767
"Belize",2007,6.451,8.892,0.872,61.6,0.705
"Belize",2014,5.956,8.883,0.757,62.22,0.874
"Benin",2006,3.33,7.866,0.445,50.1,0.58
"Benin",2008,3.667,7.915,0.382,50.9,0.709
"Benin",2011,3.87,7.904,0.477,51.98,0.773
"Benin",2012,3.193,7.923,0.523,52.26,0.769
"Benin",2013,3.479,7.964,0.577,52.54,0.783
"Benin",2014,3.347,7.998,0.506,52.82,0.776
"Benin",2015,3.625,7.988,0.434,53.1,0.733
"Benin",2016,4.007,7.993,0.493,53.5,0.78
"Benin",2017,4.853,8.021,0.436,53.9,0.727
"Benin",2018,5.82,8.059,0.504,54.3,0.713
"Benin",2019,4.976,8.098,0.442,54.7,0.77
"Benin",2020,4.408,8.102,0.507,55.1,0.783
"Bhutan",2013,5.569,9.123,0.819,59.6,0.81
"Bhutan",2014,4.939,9.167,0.88,59.9,0.834
"Bhutan",2015,5.082,9.219,0.848,60.2,0.83
"Bolivia",2006,5.374,8.686,0.834,59,0.77
"Bolivia",2007,5.628,8.714,0.796,59.5,0.78
"Bolivia",2008,5.298,8.756,0.785,60,0.726
"Bolivia",2009,6.086,8.773,0.831,60.5,0.779
"Bolivia",2010,5.781,8.797,0.807,61,0.703
"Bolivia",2011,5.779,8.831,0.817,61.34,0.782
"Bolivia",2012,6.019,8.865,0.781,61.68,0.862
"Bolivia",2013,5.767,8.915,0.803,62.02,0.846
"Bolivia",2014,5.865,8.953,0.821,62.36,0.881
"Bolivia",2015,5.834,8.985,0.829,62.7,0.884
"Bolivia",2016,5.77,9.012,0.796,63,0.882
"Bolivia",2017,5.651,9.039,0.779,63.3,0.884
"Bolivia",2018,5.916,9.066,0.827,63.6,0.863
"Bolivia",2019,5.674,9.074,0.784,63.9,0.881
"Bolivia",2020,5.559,8.998,0.805,64.2,0.877
"Bosnia and Herzegovina",2007,4.9,9.267,0.766,66.04,0.342
"Bosnia and Herzegovina",2009,4.963,9.296,0.735,66.48,0.258
"Bosnia and Herzegovina",2010,4.669,9.312,0.773,66.7,0.365
"Bosnia and Herzegovina",2011,4.995,9.333,0.725,66.74,0.333
"Bosnia and Herzegovina",2012,4.773,9.342,0.779,66.78,0.42
"Bosnia and Herzegovina",2013,5.124,9.382,0.767,66.82,0.39
"Bosnia and Herzegovina",2014,5.249,9.411,0.788,66.86,0.412
"Bosnia and Herzegovina",2015,5.117,9.457,0.656,66.9,0.631
"Bosnia and Herzegovina",2016,5.181,9.5,0.808,67.2,0.633
"Bosnia and Herzegovina",2017,5.09,9.532,0.775,67.5,0.564
"Bosnia and Herzegovina",2018,5.887,9.576,0.836,67.8,0.659
"Bosnia and Herzegovina",2019,6.016,9.609,0.873,68.1,0.722
"Bosnia and Herzegovina",2020,5.516,9.583,0.899,68.4,0.74
"Botswana",2006,4.739,9.492,0.883,46.82,0.824
"Botswana",2008,5.451,9.59,0.832,49.86,0.858
"Botswana",2010,3.553,9.556,0.866,52.9,0.826
"Botswana",2011,3.52,9.6,0.86,53.68,0.813
"Botswana",2012,4.836,9.632,0.837,54.46,0.799
"Botswana",2013,4.128,9.728,0.856,55.24,0.767
"Botswana",2014,4.031,9.756,0.859,56.02,0.791
"Botswana",2015,3.762,9.724,0.816,56.8,0.857
"Botswana",2016,3.499,9.748,0.768,57.5,0.852
"Botswana",2017,3.505,9.756,0.768,58.2,0.817
"Botswana",2018,3.461,9.778,0.795,58.9,0.818
"Botswana",2019,3.471,9.785,0.774,59.6,0.833
"Brazil",2005,6.637,9.438,0.883,63.3,0.882
"Brazil",2007,6.321,9.515,0.886,63.78,0.777
"Brazil",2008,6.691,9.555,0.878,64.02,0.782
"Brazil",2009,7.001,9.544,0.913,64.26,0.767
"Brazil",2010,6.837,9.607,0.906,64.5,0.806
"Brazil",2011,7.038,9.637,0.916,64.76,0.834
"Brazil",2012,6.66,9.647,0.89,65.02,0.849
"Brazil",2013,7.14,9.668,0.91,65.28,0.785
"Brazil",2014,6.981,9.664,0.898,65.54,0.714
"Brazil",2015,6.547,9.62,0.907,65.8,0.799
"Brazil",2016,6.375,9.578,0.912,66,0.807
"Brazil",2017,6.333,9.583,0.905,66.2,0.765
"Brazil",2018,6.191,9.589,0.882,66.4,0.751
"Brazil",2019,6.451,9.592,0.899,66.6,0.83
"Brazil",2020,6.11,9.522,0.831,66.8,0.786
"Bulgaria",2007,3.844,9.715,0.832,65.1,0.566
"Bulgaria",2010,3.912,9.765,0.843,65.7,0.545
"Bulgaria",2011,3.875,9.795,0.86,65.8,0.664
"Bulgaria",2012,4.222,9.804,0.838,65.9,0.641
"Bulgaria",2013,3.993,9.813,0.829,66,0.603
"Bulgaria",2014,4.438,9.838,0.886,66.1,0.576
"Bulgaria",2015,4.865,9.883,0.908,66.2,0.637
"Bulgaria",2016,4.838,9.928,0.926,66.4,0.7
"Bulgaria",2017,5.097,9.969,0.942,66.6,0.689
"Bulgaria",2018,5.099,10.007,0.924,66.8,0.724
"Bulgaria",2019,5.108,10.047,0.948,67,0.822
"Bulgaria",2020,5.598,9.991,0.916,67.2,0.818
"Burkina Faso",2006,3.801,7.367,0.796,46.66,0.588
"Burkina Faso",2007,4.017,7.377,0.771,47.42,0.582
"Burkina Faso",2008,3.846,7.403,0.727,48.18,0.612
"Burkina Faso",2010,4.036,7.453,0.773,49.7,0.587
"Burkina Faso",2011,4.785,7.487,0.71,50.24,0.725
"Burkina Faso",2012,3.955,7.52,0.744,50.78,0.622
"Burkina Faso",2013,3.326,7.546,0.745,51.32,0.741
"Burkina Faso",2014,3.481,7.559,0.742,51.86,0.71
"Burkina Faso",2015,4.419,7.568,0.705,52.4,0.659
"Burkina Faso",2016,4.206,7.596,0.764,52.9,0.645
"Burkina Faso",2017,4.647,7.627,0.785,53.4,0.614
"Burkina Faso",2018,4.927,7.665,0.665,53.9,0.721
"Burkina Faso",2019,4.741,7.691,0.683,54.4,0.678
"Burundi",2008,3.563,6.719,0.291,49.02,0.26
"Burundi",2009,3.792,6.723,0.326,49.66,0.427
"Burundi",2011,3.706,6.748,0.422,50.68,0.49
"Burundi",2014,2.905,6.787,0.565,51.82,0.431
"Burundi",2018,3.775,6.635,0.485,53.4,0.646
"Cambodia",2006,3.569,7.746,0.793,55.3,NA
"Cambodia",2007,4.156,7.829,0.675,56.1,0.819
"Cambodia",2008,4.462,7.879,0.619,56.9,0.914
"Cambodia",2009,4.111,7.865,0.818,57.7,0.937
"Cambodia",2010,4.141,7.907,0.697,58.5,0.94
"Cambodia",2011,4.161,7.96,0.716,58.88,0.927
"Cambodia",2012,3.899,8.014,0.606,59.26,0.956
"Cambodia",2013,3.674,8.068,0.651,59.64,0.941
"Cambodia",2014,3.883,8.121,0.693,60.02,0.938
"Cambodia",2015,4.162,8.173,0.729,60.4,0.956
"Cambodia",2016,4.461,8.225,0.746,60.8,0.958
"Cambodia",2017,4.586,8.276,0.765,61.2,0.964
"Cambodia",2018,5.122,8.333,0.795,61.6,0.958
"Cambodia",2019,4.998,8.387,0.759,62,0.957
"Cambodia",2020,4.377,8.362,0.724,62.4,0.963
"Cameroon",2006,3.851,8.007,0.69,45.98,0.653
"Cameroon",2007,4.35,8.028,0.717,46.56,0.644
"Cameroon",2008,4.292,8.034,0.697,47.14,0.58
"Cameroon",2009,4.741,8.029,0.729,47.72,0.698
"Cameroon",2010,4.554,8.035,0.759,48.3,0.792
"Cameroon",2011,4.434,8.048,0.738,48.7,0.817
"Cameroon",2012,4.245,8.065,0.743,49.1,0.766
"Cameroon",2013,4.271,8.09,0.76,49.5,0.794
"Cameroon",2014,4.24,8.12,0.778,49.9,0.795
"Cameroon",2015,5.038,8.149,0.646,50.3,0.791
"Cameroon",2016,4.816,8.167,0.659,51.1,0.713
"Cameroon",2017,5.074,8.176,0.695,51.9,0.767
"Cameroon",2018,5.251,8.19,0.677,52.7,0.816
"Cameroon",2019,4.937,8.203,0.711,53.5,0.712
"Cameroon",2020,5.241,8.175,0.72,54.3,0.675
"Canada",2005,7.418,10.652,0.962,71.3,0.957
"Canada",2007,7.482,10.739,NA,71.66,0.93
"Canada",2008,7.486,10.738,0.939,71.84,0.926
"Canada",2009,7.488,10.697,0.943,72.02,0.915
"Canada",2010,7.65,10.717,0.954,72.2,0.934
"Canada",2011,7.426,10.738,0.922,72.36,0.951
"Canada",2012,7.415,10.744,0.948,72.52,0.918
"Canada",2013,7.594,10.757,0.936,72.68,0.916
"Canada",2014,7.304,10.775,0.918,72.84,0.939
"Canada",2015,7.413,10.774,0.939,73,0.931
"Canada",2016,7.245,10.773,0.924,73.2,0.912
"Canada",2017,7.415,10.792,0.934,73.4,0.945
"Canada",2018,7.175,10.798,0.923,73.6,0.946
"Canada",2019,7.109,10.8,0.925,73.8,0.912
"Canada",2020,7.025,10.73,0.931,74,0.887
"Central African Republic",2007,4.16,6.987,0.532,40.9,0.663
"Central African Republic",2010,3.568,7.091,0.483,42.7,0.69
"Central African Republic",2011,3.678,7.125,0.387,43.08,0.78
"Central African Republic",2016,2.693,6.785,0.29,44.9,0.624
"Central African Republic",2017,3.476,6.817,0.32,45.2,0.645
"Chad",2006,3.435,7.36,0.724,43.18,0.306
"Chad",2007,4.141,7.359,0.479,43.66,0.295
"Chad",2008,4.632,7.356,0.571,44.14,0.527
"Chad",2009,3.639,7.364,0.646,44.62,0.401
"Chad",2010,3.743,7.457,0.734,45.1,0.505
"Chad",2011,4.393,7.425,0.819,45.42,0.54
"Chad",2012,4.033,7.476,0.673,45.74,0.563
"Chad",2013,3.508,7.498,0.714,46.06,0.488
"Chad",2014,3.46,7.532,0.733,46.38,0.567
"Chad",2015,4.323,7.527,0.751,46.7,0.474
"Chad",2016,4.029,7.431,0.616,47.2,0.525
"Chad",2017,4.559,7.37,0.661,47.7,0.615
"Chad",2018,4.486,7.363,0.577,48.2,0.65
"Chad",2019,4.251,7.365,0.64,48.7,0.537
"Chile",2006,6.063,9.85,0.836,68.66,0.744
"Chile",2007,5.698,9.887,0.815,68.72,0.662
"Chile",2008,5.789,9.911,0.804,68.78,0.64
"Chile",2009,6.494,9.885,0.832,68.84,0.747
"Chile",2010,6.636,9.931,0.857,68.9,0.786
"Chile",2011,6.526,9.98,0.819,69.04,0.701
"Chile",2012,6.599,10.023,0.855,69.18,0.734
"Chile",2013,6.74,10.053,0.862,69.32,0.737
"Chile",2014,6.844,10.059,0.862,69.46,0.733
"Chile",2015,6.533,10.07,0.827,69.6,0.769
"Chile",2016,6.579,10.074,0.841,69.7,0.652
"Chile",2017,6.32,10.072,0.88,69.8,0.79
"Chile",2018,6.436,10.097,0.89,69.9,0.789
"Chile",2019,5.942,10.095,0.869,70,0.659
"Chile",2020,6.151,10.02,0.888,70.1,0.781
"China",2006,4.56,8.696,0.747,66.88,NA
"China",2007,4.863,8.824,0.811,67.06,NA
"China",2008,4.846,8.911,0.748,67.24,0.853
"China",2009,4.454,8.996,0.798,67.42,0.771
"China",2010,4.653,9.092,0.768,67.6,0.805
"China",2011,5.037,9.179,0.787,67.76,0.824
"China",2012,5.095,9.249,0.788,67.92,0.808
"China",2013,5.241,9.319,0.778,68.08,0.805
"China",2014,5.196,9.386,0.82,68.24,NA
"China",2015,5.304,9.449,0.794,68.4,NA
"China",2016,5.325,9.51,0.742,68.7,NA
"China",2017,5.099,9.571,0.772,69,0.878
"China",2018,5.131,9.632,0.788,69.3,0.895
"China",2019,5.144,9.688,0.822,69.6,0.927
"China",2020,5.771,9.702,0.808,69.9,0.891
"Colombia",2006,6.025,9.277,0.91,65.22,0.805
"Colombia",2007,6.138,9.33,0.894,65.34,0.786
"Colombia",2008,6.168,9.351,0.88,65.46,0.795
"Colombia",2009,6.272,9.351,0.886,65.58,0.757
"Colombia",2010,6.408,9.384,0.893,65.7,0.816
"Colombia",2011,6.464,9.442,0.904,65.92,0.811
"Colombia",2012,6.375,9.471,0.914,66.14,0.828
"Colombia",2013,6.607,9.512,0.901,66.36,0.841
"Colombia",2014,6.449,9.546,0.907,66.58,0.801
"Colombia",2015,6.388,9.564,0.89,66.8,0.791
"Colombia",2016,6.234,9.571,0.882,67.1,0.835
"Colombia",2017,6.157,9.569,0.909,67.4,0.838
"Colombia",2018,5.984,9.579,0.871,67.7,0.851
"Colombia",2019,6.35,9.598,0.873,68,0.822
"Colombia",2020,5.709,9.495,0.797,68.3,0.84
"Comoros",2009,3.476,7.952,0.629,54.36,0.508
"Comoros",2010,3.812,7.965,0.721,54.7,0.529
"Comoros",2011,3.838,7.981,0.722,55.02,0.5
"Comoros",2012,3.956,7.988,0.719,55.34,0.534
"Comoros",2018,3.973,8.028,0.621,57.2,0.56
"Comoros",2019,4.609,8.033,0.632,57.5,0.538
"Congo (Brazzaville)",2008,3.82,8.082,0.555,52.2,0.526
"Congo (Brazzaville)",2011,4.51,8.18,0.637,54.58,0.745
"Congo (Brazzaville)",2012,3.919,8.192,0.622,54.96,0.773
"Congo (Brazzaville)",2013,3.955,8.201,0.68,55.34,0.726
"Congo (Brazzaville)",2014,4.056,8.242,0.686,55.72,0.662
"Congo (Brazzaville)",2015,4.691,8.243,0.642,56.1,0.85
"Congo (Brazzaville)",2016,4.119,8.19,0.615,56.7,0.786
"Congo (Brazzaville)",2017,4.884,8.146,0.655,57.3,0.778
"Congo (Brazzaville)",2018,5.49,8.136,0.621,57.9,0.699
"Congo (Brazzaville)",2019,5.213,8.101,0.625,58.5,0.686
"Congo (Kinshasa)",2009,3.984,6.728,0.733,49.34,0.556
"Congo (Kinshasa)",2011,4.517,6.797,0.744,50.34,0.631
"Congo (Kinshasa)",2012,4.639,6.832,0.77,50.78,0.557
"Congo (Kinshasa)",2013,4.497,6.88,0.83,51.22,0.48
"Congo (Kinshasa)",2014,4.414,6.937,0.822,51.66,0.556
"Congo (Kinshasa)",2015,3.903,6.971,0.767,52.1,0.574
"Congo (Kinshasa)",2016,4.522,6.962,0.864,52.5,0.637
"Congo (Kinshasa)",2017,4.311,6.966,0.67,52.9,0.704
"Costa Rica",2006,7.082,9.565,0.937,69.94,0.882
"Costa Rica",2007,7.432,9.63,0.918,69.88,0.923
"Costa Rica",2008,6.851,9.662,0.916,69.82,0.912
"Costa Rica",2009,7.615,9.639,0.9,69.76,0.886
"Costa Rica",2010,7.271,9.675,0.915,69.7,0.881
"Costa Rica",2011,7.229,9.705,0.892,69.9,0.926
"Costa Rica",2012,7.272,9.74,0.902,70.1,0.929
"Costa Rica",2013,7.158,9.751,0.902,70.3,0.898
"Costa Rica",2014,7.247,9.775,0.914,70.5,0.927
"Costa Rica",2015,6.854,9.799,0.878,70.7,0.907
"Costa Rica",2016,7.136,9.83,0.901,70.9,0.873
"Costa Rica",2017,7.225,9.858,0.922,71.1,0.936
"Costa Rica",2018,7.141,9.874,0.876,71.3,0.942
"Costa Rica",2019,6.998,9.885,0.906,71.5,0.927
"Croatia",2007,5.821,10.162,0.91,67.12,0.662
"Croatia",2009,5.433,10.104,0.861,67.64,0.549
"Croatia",2010,5.596,10.091,0.796,67.9,0.564
"Croatia",2011,5.385,10.091,0.79,68,0.517
"Croatia",2012,6.028,10.072,0.776,68.1,0.542
"Croatia",2013,5.885,10.069,0.751,68.2,0.627
"Croatia",2014,5.381,10.072,0.646,68.3,0.519
"Croatia",2015,5.205,10.104,0.768,68.4,0.694
"Croatia",2016,5.417,10.146,0.798,69,0.672
"Croatia",2017,5.343,10.189,0.77,69.6,0.716
"Croatia",2018,5.536,10.224,0.91,70.2,0.691
"Croatia",2019,5.626,10.258,0.936,70.8,0.739
"Croatia",2020,6.508,10.166,0.923,71.4,0.837
"Cuba",2006,5.418,NA,0.97,68.44,0.281
"Cyprus",2006,6.238,10.566,0.878,71.44,0.836
"Cyprus",2009,6.833,10.558,0.812,72.16,0.775
"Cyprus",2010,6.387,10.551,0.822,72.4,0.755
"Cyprus",2011,6.69,10.53,0.844,72.54,0.745
"Cyprus",2012,6.181,10.479,0.767,72.68,0.725
"Cyprus",2013,5.439,10.414,0.744,72.82,0.656
"Cyprus",2014,5.627,10.406,0.77,72.96,0.715
"Cyprus",2015,5.439,10.445,0.77,73.1,0.628
"Cyprus",2016,5.795,10.506,0.786,73.3,0.756
"Cyprus",2017,6.062,10.539,0.819,73.5,0.812
"Cyprus",2018,6.276,10.567,0.826,73.7,0.794
"Cyprus",2019,6.137,10.585,0.776,73.9,0.74
"Cyprus",2020,6.26,NA,0.806,74.1,0.763
"Czech Republic",2005,6.439,10.324,0.919,67,0.865
"Czech Republic",2007,6.5,10.437,0.9,67.44,0.799
"Czech Republic",2010,6.25,10.419,0.934,68.1,0.779
"Czech Republic",2011,6.331,10.435,0.914,68.24,0.787
"Czech Republic",2012,6.334,10.426,0.912,68.38,0.74
"Czech Republic",2013,6.698,10.42,0.888,68.52,0.726
"Czech Republic",2014,6.484,10.446,0.878,68.66,0.8
"Czech Republic",2015,6.608,10.496,0.911,68.8,0.808
"Czech Republic",2016,6.736,10.518,0.931,69.3,0.85
"Czech Republic",2017,6.79,10.558,0.901,69.8,0.832
"Czech Republic",2018,7.034,10.583,0.929,70.3,0.79
"Czech Republic",2020,6.897,10.53,0.964,71.3,0.906
"Denmark",2005,8.019,10.851,0.972,69.6,0.971
"Denmark",2007,7.834,10.891,0.954,69.92,0.932
"Denmark",2008,7.971,10.88,0.954,70.08,0.97
"Denmark",2009,7.683,10.824,0.939,70.24,0.949
"Denmark",2010,7.771,10.839,0.975,70.4,0.944
"Denmark",2011,7.788,10.848,0.962,70.62,0.935
"Denmark",2012,7.52,10.846,0.951,70.84,0.933
"Denmark",2013,7.589,10.851,0.965,71.06,0.92
"Denmark",2014,7.508,10.862,0.956,71.28,0.942
"Denmark",2015,7.514,10.878,0.96,71.5,0.941
"Denmark",2016,7.558,10.903,0.954,71.8,0.948
"Denmark",2017,7.594,10.916,0.952,72.1,0.955
"Denmark",2018,7.649,10.935,0.958,72.4,0.935
"Denmark",2019,7.693,10.954,0.958,72.7,0.963
"Denmark",2020,7.515,10.91,0.947,73,0.938
"Djibouti",2008,5.009,8.111,0.69,53.26,0.773
"Djibouti",2009,4.906,7.927,0.901,53.78,0.649
"Djibouti",2010,5.006,7.812,NA,54.3,0.764
"Djibouti",2011,4.369,7.88,0.633,54.7,0.746
"Dominican Republic",2006,5.088,9.314,0.919,62.68,0.858
"Dominican Republic",2007,5.081,9.372,0.848,62.96,0.886
"Dominican Republic",2008,4.842,9.391,0.85,63.24,0.848
"Dominican Republic",2009,5.432,9.388,0.878,63.52,0.863
"Dominican Republic",2010,4.735,9.456,0.86,63.8,0.824
"Dominican Republic",2011,5.397,9.475,0.872,64.02,0.848
"Dominican Republic",2012,4.753,9.489,0.879,64.24,0.84
"Dominican Republic",2013,5.016,9.525,0.878,64.46,0.889
"Dominican Republic",2014,5.387,9.582,0.891,64.68,0.905
"Dominican Republic",2015,5.062,9.637,0.893,64.9,0.856
"Dominican Republic",2016,5.239,9.691,0.895,65.2,0.873
"Dominican Republic",2017,5.605,9.725,0.894,65.5,0.855
"Dominican Republic",2018,5.433,9.782,0.862,65.8,0.867
"Dominican Republic",2019,6.004,9.821,0.884,66.1,0.877
"Dominican Republic",2020,5.168,9.802,0.806,66.4,0.835
"Ecuador",2006,5.024,9.186,0.91,66.08,0.671
"Ecuador",2007,4.996,9.191,0.839,66.26,0.67
"Ecuador",2008,5.297,9.236,0.829,66.44,0.64
"Ecuador",2009,6.022,9.225,0.779,66.62,0.737
"Ecuador",2010,5.838,9.244,0.839,66.8,0.723
"Ecuador",2011,5.795,9.304,0.818,66.96,0.788
"Ecuador",2012,5.961,9.344,0.785,67.12,0.825
"Ecuador",2013,6.019,9.377,0.801,67.28,0.787
"Ecuador",2014,5.946,9.399,0.831,67.44,0.719
"Ecuador",2015,5.964,9.384,0.856,67.6,0.801
"Ecuador",2016,6.115,9.355,0.842,67.9,0.846
"Ecuador",2017,5.84,9.36,0.849,68.2,0.879
"Ecuador",2018,6.128,9.355,0.851,68.5,0.869
"Ecuador",2019,5.809,9.339,0.808,68.8,0.83
"Ecuador",2020,5.354,9.244,0.804,69.1,0.829
"Egypt",2005,5.168,9.036,0.848,59.7,0.817
"Egypt",2007,5.541,9.135,0.686,59.82,0.609
"Egypt",2008,4.632,9.186,0.738,59.88,NA
"Egypt",2009,5.066,9.213,0.744,59.94,0.611
"Egypt",2010,4.669,9.244,0.769,60,0.486
"Egypt",2011,4.174,9.24,0.753,60.16,0.59
"Egypt",2012,4.204,9.24,0.737,60.32,0.452
"Egypt",2013,3.559,9.239,0.675,60.48,0.474
"Egypt",2014,4.885,9.245,0.619,60.64,0.578
"Egypt",2015,4.763,9.266,0.73,60.8,0.659
"Egypt",2016,4.557,9.287,0.809,61.1,0.656
"Egypt",2017,3.929,9.307,0.638,61.4,0.593
"Egypt",2018,4.005,9.338,0.759,61.7,0.682
"Egypt",2019,4.328,9.373,0.772,62,0.774
"Egypt",2020,4.472,9.383,0.673,62.3,0.77
"El Salvador",2006,5.701,8.873,0.878,62.92,0.683
"El Salvador",2007,5.296,8.887,0.717,63.24,0.639
"El Salvador",2008,5.191,8.908,0.747,63.56,0.636
"El Salvador",2009,6.839,8.883,0.734,63.88,0.671
"El Salvador",2010,6.74,8.9,0.757,64.2,0.669
"El Salvador",2011,4.741,8.933,0.731,64.4,0.747
"El Salvador",2012,5.934,8.956,0.806,64.6,0.683
"El Salvador",2013,6.325,8.974,0.827,64.8,0.716
"El Salvador",2014,5.857,8.986,0.798,65,0.778
"El Salvador",2015,6.018,9.005,0.791,65.2,0.733
"El Salvador",2016,6.14,9.025,0.794,65.5,0.8
"El Salvador",2017,6.339,9.042,0.829,65.8,0.758
"El Salvador",2018,6.241,9.061,0.82,66.1,0.863
"El Salvador",2019,6.455,9.08,0.764,66.4,0.877
"El Salvador",2020,5.462,9.019,0.696,66.7,0.924
"Estonia",2006,5.371,10.27,0.91,64.86,0.749
"Estonia",2007,5.332,10.347,0.896,65.32,0.712
"Estonia",2008,5.452,10.298,0.904,65.78,0.642
"Estonia",2009,5.138,10.144,0.874,66.24,0.611
"Estonia",2011,5.487,10.248,0.909,66.96,0.735
"Estonia",2012,5.364,10.282,0.889,67.22,0.697
"Estonia",2013,5.367,10.299,0.901,67.48,0.754
"Estonia",2014,5.556,10.331,0.917,67.74,0.773
"Estonia",2015,5.629,10.348,0.918,68,0.815
"Estonia",2016,5.65,10.374,0.938,68.2,0.843
"Estonia",2017,5.938,10.429,0.936,68.4,0.862
"Estonia",2018,6.091,10.472,0.933,68.6,0.886
"Estonia",2019,6.035,10.511,0.934,68.8,0.887
"Estonia",2020,6.453,10.459,0.958,69,0.954
"Ethiopia",2012,4.561,7.271,0.659,55.2,0.776
"Ethiopia",2013,4.445,7.343,0.602,55.8,0.707
"Ethiopia",2014,4.507,7.413,0.64,56.4,0.694
"Ethiopia",2015,4.573,7.484,0.626,57,0.803
"Ethiopia",2016,4.298,7.547,0.719,57.5,0.744
"Ethiopia",2017,4.18,7.612,0.734,58,0.717
"Ethiopia",2018,4.379,7.651,0.74,58.5,0.74
"Ethiopia",2019,4.1,7.705,0.748,59,0.754
"Ethiopia",2020,4.549,7.711,0.823,59.5,0.769
"Finland",2006,7.672,10.745,0.965,69.76,0.969
"Finland",2008,7.671,10.796,0.951,70.08,0.934
"Finland",2010,7.393,10.734,0.935,70.4,0.916
"Finland",2011,7.354,10.754,0.938,70.64,0.936
"Finland",2012,7.42,10.735,0.928,70.88,0.921
"Finland",2013,7.445,10.722,0.941,71.12,0.919
"Finland",2014,7.385,10.714,0.952,71.36,0.933
"Finland",2015,7.448,10.716,0.948,71.6,0.93
"Finland",2016,7.66,10.74,0.954,71.7,0.948
"Finland",2017,7.788,10.768,0.964,71.8,0.962
"Finland",2018,7.858,10.783,0.962,71.9,0.938
"Finland",2019,7.78,10.792,0.937,72,0.948
"Finland",2020,7.889,10.75,0.962,72.1,0.962
"France",2005,7.093,10.642,0.94,71.3,0.895
"France",2006,6.583,10.659,0.944,71.48,0.789
"France",2008,7.008,10.674,0.935,71.84,0.833
"France",2009,6.283,10.639,0.918,72.02,0.798
"France",2010,6.798,10.654,0.943,72.2,0.85
"France",2011,6.959,10.671,0.921,72.4,0.903
"France",2012,6.649,10.669,0.937,72.6,0.841
"France",2013,6.667,10.669,0.908,72.8,0.878
"France",2014,6.467,10.674,0.878,73,0.803
"France",2015,6.358,10.682,0.896,73.2,0.817
"France",2016,6.475,10.69,0.885,73.4,0.787
"France",2017,6.635,10.711,0.931,73.6,0.834
"France",2018,6.666,10.727,0.921,73.8,0.816
"France",2019,6.69,10.74,0.958,74,0.827
"France",2020,6.714,10.643,0.947,74.2,0.823
"Gabon",2011,4.255,9.608,0.653,55.48,0.772
"Gabon",2012,3.972,9.621,0.736,56.16,0.566
"Gabon",2013,3.8,9.638,0.733,56.84,0.682
"Gabon",2014,3.918,9.644,0.829,57.52,0.607
"Gabon",2015,4.661,9.649,0.756,58.2,0.671
"Gabon",2016,4.832,9.639,0.78,58.7,0.699
"Gabon",2017,4.782,9.616,0.807,59.2,0.652
"Gabon",2018,4.783,9.599,0.785,59.7,0.719
"Gabon",2019,4.914,9.607,0.763,60.2,0.736
"Gambia",2017,4.118,7.637,0.697,54.7,0.812
"Gambia",2018,4.922,7.671,0.685,55,0.719
"Gambia",2019,5.164,7.699,0.694,55.3,0.677
"Georgia",2006,3.675,8.993,0.647,65.12,0.553
"Georgia",2007,3.707,9.117,0.548,65.04,0.464
"Georgia",2008,4.156,9.144,0.608,64.96,0.614
"Georgia",2009,3.801,9.116,0.544,64.88,0.495
"Georgia",2010,4.102,9.184,0.54,64.8,0.558
"Georgia",2011,4.203,9.263,0.503,64.86,0.632
"Georgia",2012,4.254,9.332,0.533,64.92,0.659
"Georgia",2013,4.349,9.371,0.559,64.98,0.722
"Georgia",2014,4.288,9.414,0.558,65.04,0.72
"Georgia",2015,4.122,9.442,0.517,65.1,0.64
"Georgia",2016,4.448,9.47,0.533,64.9,0.606
"Georgia",2017,4.451,9.517,0.59,64.7,0.821
"Georgia",2018,4.659,9.565,0.617,64.5,0.775
"Georgia",2019,4.892,9.617,0.675,64.3,0.811
"Georgia",2020,5.123,9.569,0.718,64.1,0.764
"Germany",2005,6.62,10.689,0.963,70.2,0.847
"Germany",2007,6.417,10.759,0.926,70.48,0.801
"Germany",2008,6.522,10.77,0.923,70.62,0.766
"Germany",2009,6.641,10.714,0.935,70.76,0.844
"Germany",2010,6.725,10.756,0.939,70.9,0.843
"Germany",2011,6.621,10.813,0.947,70.98,0.906
"Germany",2012,6.702,10.816,0.926,71.06,0.904
"Germany",2013,6.965,10.817,0.931,71.14,0.894
"Germany",2014,6.984,10.835,0.938,71.22,0.899
"Germany",2015,7.037,10.844,0.926,71.3,0.889
"Germany",2016,6.874,10.858,0.906,71.6,0.871
"Germany",2017,7.074,10.878,0.892,71.9,0.841
"Germany",2018,7.118,10.89,0.92,72.2,0.877
"Germany",2019,7.035,10.893,0.886,72.5,0.885
"Germany",2020,7.312,10.833,0.905,72.8,0.864
"Ghana",2006,4.535,8.073,0.728,52.34,0.849
"Ghana",2007,5.22,8.09,0.73,52.78,0.891
"Ghana",2008,4.965,8.152,0.622,53.22,0.838
"Ghana",2009,4.198,8.174,0.633,53.66,0.757
"Ghana",2010,4.606,8.225,0.739,54.1,0.891
"Ghana",2011,5.608,8.332,0.724,54.48,0.852
"Ghana",2012,5.057,8.397,0.685,54.86,0.679
"Ghana",2013,4.965,8.445,0.676,55.24,0.794
"Ghana",2014,3.86,8.45,0.651,55.62,0.677
"Ghana",2015,3.986,8.449,0.687,56,0.852
"Ghana",2016,4.514,8.46,0.647,56.4,0.751
"Ghana",2017,5.481,8.517,0.669,56.8,0.783
"Ghana",2018,5.004,8.555,0.761,57.2,0.817
"Ghana",2019,4.967,8.596,0.746,57.6,0.787
"Ghana",2020,5.319,8.59,0.643,58,0.824
"Greece",2005,6.006,10.462,0.837,70.5,0.734
"Greece",2007,6.647,10.543,0.808,70.9,0.575
"Greece",2009,6.039,10.491,0.793,71.3,0.443
"Greece",2010,5.84,10.433,0.868,71.5,0.484
"Greece",2011,5.372,10.339,0.852,71.56,0.528
"Greece",2012,5.096,10.268,0.812,71.62,0.373
"Greece",2013,4.72,10.243,0.687,71.68,0.426
"Greece",2014,4.756,10.257,0.832,71.74,0.369
"Greece",2015,5.623,10.259,0.835,71.8,0.532
"Greece",2016,5.303,10.261,0.803,72,0.482
"Greece",2017,5.148,10.278,0.753,72.2,0.438
"Greece",2018,5.409,10.299,0.794,72.4,0.564
"Greece",2019,5.952,10.319,0.891,72.6,0.614
"Greece",2020,5.788,10.215,0.779,72.8,0.565
"Guatemala",2006,5.901,8.85,0.83,60.74,0.663
"Guatemala",2007,6.33,8.891,0.866,61.08,0.628
"Guatemala",2008,6.414,8.904,0.866,61.42,0.63
"Guatemala",2009,6.452,8.891,0.834,61.76,0.643
"Guatemala",2010,6.29,8.901,0.859,62.1,0.696
"Guatemala",2011,5.743,8.923,0.768,62.46,0.763
"Guatemala",2012,5.856,8.935,0.802,62.82,0.865
"Guatemala",2013,5.985,8.953,0.83,63.18,0.884
"Guatemala",2014,6.536,8.98,0.834,63.54,0.843
"Guatemala",2015,6.465,9.003,0.823,63.9,0.869
"Guatemala",2016,6.359,9.013,0.811,64.2,0.863
"Guatemala",2017,6.325,9.026,0.826,64.5,0.915
"Guatemala",2018,6.627,9.042,0.841,64.8,0.91
"Guatemala",2019,6.262,9.064,0.774,65.1,0.901
"Guinea",2011,4.045,7.567,0.598,50.22,0.797
"Guinea",2012,3.652,7.603,0.542,50.44,0.646
"Guinea",2013,3.902,7.619,0.567,50.66,0.693
"Guinea",2014,3.412,7.632,0.638,50.88,0.684
"Guinea",2015,3.505,7.645,0.579,51.1,0.666
"Guinea",2016,3.603,7.721,0.675,52.2,0.726
"Guinea",2017,4.874,7.792,0.634,53.3,0.738
"Guinea",2018,5.252,7.823,0.63,54.4,0.731
"Guinea",2019,4.768,7.849,0.655,55.5,0.691
"Guyana",2007,5.993,8.773,0.849,57.26,0.694
"Haiti",2006,3.754,7.407,0.694,48.46,0.449
"Haiti",2008,3.846,7.417,0.679,40.38,0.465
"Haiti",2010,3.766,7.384,0.554,32.3,0.373
"Haiti",2011,4.845,7.423,0.567,36.86,0.413
"Haiti",2012,4.413,7.437,0.749,41.42,0.482
"Haiti",2013,4.622,7.464,0.648,45.98,0.61
"Haiti",2014,3.889,7.477,0.554,50.54,0.509
"Haiti",2015,3.57,7.476,0.564,55.1,0.398
"Haiti",2016,3.352,7.477,0.584,55.3,0.304
"Haiti",2017,3.824,7.475,0.647,55.5,0.484
"Haiti",2018,3.615,7.477,0.538,55.7,0.591
"Honduras",2006,5.397,8.462,0.933,64.54,0.65
"Honduras",2007,5.097,8.5,0.819,64.78,0.676
"Honduras",2008,5.42,8.52,0.828,65.02,0.687
"Honduras",2009,6.033,8.474,0.824,65.26,0.661
"Honduras",2010,5.866,8.49,0.803,65.5,0.646
"Honduras",2011,4.961,8.508,0.766,65.72,0.783
"Honduras",2012,4.602,8.53,0.779,65.94,0.7
"Honduras",2013,4.713,8.54,0.792,66.16,0.698
"Honduras",2014,5.056,8.552,0.79,66.38,0.696
"Honduras",2015,4.845,8.572,0.772,66.6,0.534
"Honduras",2016,5.648,8.593,0.774,66.8,0.85
"Honduras",2017,6.02,8.624,0.843,67,0.898
"Honduras",2018,5.908,8.643,0.827,67.2,0.872
"Honduras",2019,5.93,8.653,0.797,67.4,0.846
"Hong Kong S.A.R. of China",2006,5.511,10.746,0.812,NA,0.91
"Hong Kong S.A.R. of China",2008,5.137,10.816,0.84,NA,0.922
"Hong Kong S.A.R. of China",2009,5.397,10.788,0.835,NA,0.918
"Hong Kong S.A.R. of China",2010,5.643,10.847,0.857,NA,0.89
"Hong Kong S.A.R. of China",2011,5.474,10.887,0.846,NA,0.894
"Hong Kong S.A.R. of China",2012,5.484,10.893,0.826,NA,0.88
"Hong Kong S.A.R. of China",2014,5.458,10.94,0.834,NA,0.843
"Hong Kong S.A.R. of China",2016,5.498,10.97,0.832,NA,0.8
"Hong Kong S.A.R. of China",2017,5.362,11,0.831,NA,0.831
"Hong Kong S.A.R. of China",2019,5.659,11,0.856,NA,0.727
"Hong Kong S.A.R. of China",2020,5.295,NA,0.813,NA,0.705
"Hungary",2005,5.194,10.108,0.93,64.6,0.697
"Hungary",2007,4.954,10.153,0.931,65,0.538
"Hungary",2009,4.895,10.097,0.901,65.4,0.464
"Hungary",2010,4.725,10.106,0.896,65.6,0.514
"Hungary",2011,4.918,10.127,0.894,65.76,0.631
"Hungary",2012,4.683,10.117,0.906,65.92,0.569
"Hungary",2013,4.914,10.14,0.877,66.08,0.674
"Hungary",2014,5.181,10.183,0.845,66.24,0.494
"Hungary",2015,5.344,10.223,0.859,66.4,0.558
"Hungary",2016,5.449,10.248,0.9,66.8,0.554
"Hungary",2017,6.065,10.293,0.877,67.2,0.661
"Hungary",2018,5.936,10.344,0.941,67.6,0.693
"Hungary",2019,6,10.393,0.947,68,0.798
"Hungary",2020,6.038,10.335,0.943,68.4,0.771
"Iceland",2008,6.888,10.861,0.977,72.32,0.885
"Iceland",2012,7.591,10.777,0.979,72.76,0.905
"Iceland",2013,7.501,10.809,0.967,72.84,0.923
"Iceland",2015,7.498,10.854,0.98,73,0.94
"Iceland",2016,7.51,10.904,0.985,73,0.952
"Iceland",2017,7.476,10.925,0.967,73,0.939
"Iceland",2019,7.533,10.931,0.982,73,0.959
"Iceland",2020,7.575,10.824,0.983,73,0.949
"India",2006,5.348,8.145,0.707,55.72,0.774
"India",2007,5.027,8.204,0.569,56.14,0.729
"India",2008,5.146,8.22,0.684,56.56,0.756
"India",2009,4.522,8.281,0.653,56.98,0.679
"India",2010,4.989,8.349,0.605,57.4,0.783
"India",2011,4.635,8.387,0.553,57.7,0.838
"India",2012,4.72,8.428,0.511,58,0.609
"India",2013,4.428,8.478,0.553,58.3,0.74
"India",2014,4.424,8.538,0.621,58.6,0.809
"India",2015,4.342,8.604,0.61,58.9,0.777
"India",2016,4.179,8.673,0.614,59.3,0.82
"India",2017,4.046,8.73,0.607,59.7,0.886
"India",2018,3.818,8.779,0.638,60.1,0.89
"India",2019,3.249,8.818,0.561,60.5,0.876
"India",2020,4.225,8.703,0.617,60.9,0.906
"Indonesia",2006,4.947,8.85,0.771,59.84,0.713
"Indonesia",2007,5.101,8.898,0.704,59.98,0.603
"Indonesia",2008,4.815,8.943,0.675,60.12,0.596
"Indonesia",2009,5.472,8.975,0.779,60.26,0.784
"Indonesia",2010,5.457,9.022,0.816,60.4,0.7
"Indonesia",2011,5.173,9.069,0.825,60.62,0.878
"Indonesia",2012,5.368,9.114,0.834,60.84,0.77
"Indonesia",2013,5.292,9.155,0.794,61.06,0.781
"Indonesia",2014,5.597,9.19,0.905,61.28,0.719
"Indonesia",2015,5.043,9.225,0.809,61.5,0.779
"Indonesia",2016,5.136,9.262,0.792,61.7,0.83
"Indonesia",2017,5.098,9.3,0.796,61.9,0.865
"Indonesia",2018,5.34,9.339,0.809,62.1,0.879
"Indonesia",2019,5.347,9.377,0.802,62.3,0.866
"Iran",2005,5.308,9.393,0.766,62,0.651
"Iran",2007,5.336,9.497,0.718,62.76,0.533
"Iran",2008,5.129,9.489,0.633,63.14,0.601
"Iran",2011,4.768,9.547,0.582,64.14,0.798
"Iran",2012,4.609,9.458,0.6,64.38,0.764
"Iran",2013,5.14,9.443,0.664,64.62,0.73
"Iran",2014,4.682,9.476,0.644,64.86,0.767
"Iran",2015,4.75,9.449,0.572,65.1,0.78
"Iran",2016,4.653,9.561,0.566,65.4,0.773
"Iran",2017,4.717,9.584,0.714,65.7,0.731
"Iran",2018,4.278,NA,0.674,66,0.603
"Iran",2019,5.006,NA,0.698,66.3,0.623
"Iran",2020,4.865,NA,0.757,66.6,0.6
"Iraq",2008,4.59,9.063,0.744,58.32,0.386
"Iraq",2009,4.775,9.076,0.862,58.96,0.431
"Iraq",2010,5.065,9.112,0.854,59.6,0.419
"Iraq",2011,4.725,9.152,0.751,59.36,0.347
"Iraq",2012,4.66,9.246,0.73,59.12,0.315
"Iraq",2013,4.725,9.28,0.728,58.88,NA
"Iraq",2014,4.542,9.25,0.725,58.64,0.646
"Iraq",2015,4.493,9.241,0.684,58.4,0.599
"Iraq",2016,4.413,9.354,0.719,59,0.666
"Iraq",2017,4.462,9.303,0.695,59.6,0.628
"Iraq",2018,4.886,9.274,0.764,60.2,0.598
"Iraq",2020,4.785,9.167,0.708,61.4,0.7
"Ireland",2006,7.144,10.972,0.967,70.14,0.943
"Ireland",2008,7.568,10.929,0.983,70.82,0.894
"Ireland",2009,7.046,10.866,0.959,71.16,0.835
"Ireland",2010,7.257,10.879,0.973,71.5,0.856
"Ireland",2011,7.007,10.878,0.977,71.6,0.952
"Ireland",2012,6.965,10.876,0.962,71.7,0.902
"Ireland",2013,6.76,10.884,0.955,71.8,0.884
"Ireland",2014,7.018,10.959,0.968,71.9,0.922
"Ireland",2015,6.83,11.174,0.953,72,0.892
"Ireland",2016,7.041,11.199,0.958,72.1,0.875
"Ireland",2017,7.06,11.266,0.943,72.2,0.905
"Ireland",2018,6.962,11.332,0.938,72.3,0.861
"Ireland",2019,7.255,11.371,0.944,72.4,0.892
"Ireland",2020,7.035,11.323,0.96,72.5,0.882
"Israel",2006,7.173,10.389,0.927,71.12,0.817
"Israel",2007,6.841,10.428,0.868,71.44,0.683
"Israel",2008,7.261,10.44,0.859,71.76,0.663
"Israel",2009,7.353,10.425,0.937,72.08,0.593
"Israel",2010,7.359,10.461,0.882,72.4,0.561
"Israel",2011,7.433,10.489,0.893,72.46,0.722
"Israel",2012,7.111,10.493,0.903,72.52,0.681
"Israel",2013,7.321,10.515,0.909,72.58,0.739
"Israel",2014,7.401,10.533,0.889,72.64,0.707
"Israel",2015,7.079,10.536,0.864,72.7,0.753
"Israel",2016,7.159,10.555,0.89,72.9,0.772
"Israel",2017,7.331,10.57,0.916,73.1,0.768
"Israel",2018,6.927,10.585,0.91,73.3,0.725
"Israel",2019,7.332,10.601,0.946,73.5,0.834
"Israel",2020,7.195,10.538,0.959,73.7,0.831
"Italy",2005,6.854,10.703,0.928,71.9,0.802
"Italy",2007,6.574,10.727,0.912,72.26,0.684
"Italy",2008,6.78,10.711,0.88,72.44,0.543
"Italy",2009,6.334,10.652,0.88,72.62,0.701
"Italy",2010,6.354,10.666,0.872,72.8,0.738
"Italy",2011,6.057,10.671,0.913,72.84,0.568
"Italy",2012,5.839,10.638,0.869,72.88,0.57
"Italy",2013,6.009,10.608,0.916,72.92,0.499
"Italy",2014,6.027,10.599,0.898,72.96,0.624
"Italy",2015,5.848,10.608,0.909,73,0.575
"Italy",2016,5.955,10.622,0.927,73.2,0.624
"Italy",2017,6.199,10.64,0.92,73.4,0.633
"Italy",2018,6.517,10.65,0.913,73.6,0.65
"Italy",2019,6.445,10.655,0.838,73.8,0.709
"Italy",2020,6.488,10.563,0.89,74,0.718
"Ivory Coast",2009,4.197,8.209,0.667,45.78,0.76
"Ivory Coast",2013,3.739,8.274,0.709,47.1,0.739
"Ivory Coast",2014,3.57,8.334,0.711,47.4,0.781
"Ivory Coast",2015,4.445,8.393,0.704,47.7,0.8
"Ivory Coast",2016,4.543,8.437,0.617,48.3,0.769
"Ivory Coast",2017,5.038,8.483,0.661,48.9,0.732
"Ivory Coast",2018,5.268,8.523,0.621,49.5,0.713
"Ivory Coast",2019,5.392,8.564,0.679,50.1,0.736
"Ivory Coast",2020,5.257,8.565,0.613,50.7,0.77
"Jamaica",2006,6.208,9.225,0.909,64.9,0.738
"Jamaica",2011,5.374,9.164,0.855,66.22,0.796
"Jamaica",2013,5.709,9.151,0.865,66.46,0.793
"Jamaica",2014,5.311,9.152,0.874,66.58,0.809
"Jamaica",2017,5.89,9.169,0.913,67.1,0.861
"Jamaica",2019,6.309,9.186,0.878,67.5,0.891
"Japan",2005,6.516,10.529,0.928,73.2,0.868
"Japan",2007,6.238,10.558,0.938,73.44,0.796
"Japan",2008,5.911,10.546,0.887,73.56,0.772
"Japan",2009,5.845,10.491,0.888,73.68,0.73
"Japan",2010,6.057,10.532,0.902,73.8,0.772
"Japan",2011,6.263,10.532,0.917,73.98,0.814
"Japan",2012,5.968,10.549,0.905,74.16,0.753
"Japan",2013,5.959,10.57,0.924,74.34,0.821
"Japan",2014,5.923,10.575,0.9,74.52,0.838
"Japan",2015,5.88,10.588,0.923,74.7,0.832
"Japan",2016,5.955,10.595,0.9,74.8,0.836
"Japan",2017,5.911,10.618,0.882,74.9,0.849
"Japan",2018,5.794,10.623,0.886,75,0.773
"Japan",2019,5.908,10.632,0.878,75.1,0.806
"Japan",2020,6.118,10.58,0.887,75.2,0.806
"Jordan",2005,6.295,9.246,0.92,63.5,NA
"Jordan",2007,5.598,9.321,0.841,63.98,0.646
"Jordan",2008,4.93,9.343,0.766,64.22,NA
"Jordan",2009,6,9.347,0.899,64.46,0.771
"Jordan",2010,5.57,9.317,0.918,64.7,0.788
"Jordan",2011,5.539,9.289,0.878,65,0.76
"Jordan",2012,5.132,9.261,0.829,65.3,0.693
"Jordan",2013,5.172,9.237,0.84,65.6,0.692
"Jordan",2014,5.333,9.222,0.816,65.9,0.729
"Jordan",2015,5.405,9.207,0.83,66.2,0.767
"Jordan",2016,5.271,9.197,0.82,66.4,0.771
"Jordan",2017,4.808,9.194,0.815,66.6,0.766
"Jordan",2018,4.639,9.196,0.8,66.8,0.762
"Jordan",2019,4.453,9.201,0.793,67,0.726
"Jordan",2020,4.094,9.15,0.709,67.2,0.779
"Kazakhstan",2006,5.476,9.804,0.872,58.2,0.731
"Kazakhstan",2007,5.719,9.878,0.861,58.7,0.806
"Kazakhstan",2008,5.886,9.898,0.839,59.2,0.727
"Kazakhstan",2009,5.383,9.884,0.893,59.7,0.856
"Kazakhstan",2010,5.514,9.94,0.904,60.2,0.785
"Kazakhstan",2011,5.736,9.997,0.905,60.72,0.878
"Kazakhstan",2012,5.759,10.03,0.892,61.24,0.84
"Kazakhstan",2013,5.835,10.074,0.889,61.76,0.782
"Kazakhstan",2014,5.97,10.101,0.795,62.28,0.799
"Kazakhstan",2015,5.95,10.098,0.931,62.8,0.74
"Kazakhstan",2016,5.534,10.095,0.928,63.4,0.783
"Kazakhstan",2017,5.882,10.121,0.914,64,0.745
"Kazakhstan",2018,6.008,10.148,0.937,64.6,0.84
"Kazakhstan",2019,6.272,10.179,0.951,65.2,0.852
"Kazakhstan",2020,6.168,10.135,0.966,65.8,0.872
"Kenya",2006,4.223,8.039,0.909,50.22,0.616
"Kenya",2007,4.576,8.078,0.841,51.54,0.75
"Kenya",2008,4.015,8.052,0.827,52.86,0.62
"Kenya",2009,4.27,8.057,0.789,54.18,0.584
"Kenya",2010,4.256,8.111,0.805,55.5,0.635
"Kenya",2011,4.405,8.143,0.846,56.06,0.709
"Kenya",2012,4.547,8.161,0.831,56.62,0.628
"Kenya",2013,3.795,8.192,0.825,57.18,0.708
"Kenya",2014,4.905,8.219,0.765,57.74,0.819
"Kenya",2015,4.358,8.249,0.777,58.3,0.793
"Kenya",2016,4.396,8.282,0.706,58.9,0.749
"Kenya",2017,4.476,8.306,0.715,59.5,0.853
"Kenya",2018,4.656,8.344,0.707,60.1,0.821
"Kenya",2019,4.619,8.373,0.676,60.7,0.818
"Kenya",2020,4.547,8.365,0.674,61.3,0.702
"Kosovo",2007,5.104,8.928,0.848,NA,0.381
"Kosovo",2008,5.522,8.981,0.884,NA,NA
"Kosovo",2009,5.891,9.008,0.83,NA,0.506
"Kosovo",2010,5.177,9.033,0.708,NA,0.451
"Kosovo",2011,4.86,9.067,0.759,NA,0.589
"Kosovo",2012,5.64,9.086,0.757,NA,0.636
"Kosovo",2013,6.126,9.113,0.721,NA,0.568
"Kosovo",2014,5,9.129,0.706,NA,0.441
"Kosovo",2015,5.077,9.182,0.805,NA,0.561
"Kosovo",2016,5.759,9.228,0.824,NA,0.827
"Kosovo",2017,6.149,9.262,0.792,NA,0.858
"Kosovo",2018,6.392,9.296,0.822,NA,0.89
"Kosovo",2019,6.425,9.339,0.843,NA,0.841
"Kosovo",2020,6.294,NA,0.792,NA,0.88
"Kuwait",2006,6.076,11.228,0.919,63.96,0.769
"Kuwait",2009,6.585,11.065,0.926,64.44,0.819
"Kuwait",2010,6.798,10.982,0.893,64.6,0.703
"Kuwait",2011,6.378,11.017,0.882,64.9,0.769
"Kuwait",2012,6.221,11.025,0.889,65.2,0.934
"Kuwait",2013,6.48,10.985,0.862,65.5,0.751
"Kuwait",2014,6.18,10.945,NA,65.8,NA
"Kuwait",2015,6.146,10.912,0.823,66.1,0.822
"Kuwait",2016,5.947,10.91,0.845,66.3,0.841
"Kuwait",2017,6.094,10.837,0.853,66.5,0.884
"Kuwait",2019,6.106,10.817,0.842,66.9,0.867
"Kyrgyzstan",2006,4.641,8.185,0.844,59.98,0.678
"Kyrgyzstan",2007,4.698,8.258,0.833,60.26,0.684
"Kyrgyzstan",2008,4.737,8.329,0.792,60.54,0.719
"Kyrgyzstan",2009,5.069,8.345,0.855,60.82,0.699
"Kyrgyzstan",2010,4.996,8.329,0.885,61.1,0.72
"Kyrgyzstan",2011,4.921,8.374,0.891,61.52,0.748
"Kyrgyzstan",2012,5.208,8.357,0.856,61.94,0.703
"Kyrgyzstan",2013,5.402,8.441,0.851,62.36,0.755
"Kyrgyzstan",2014,5.252,8.46,0.898,62.78,0.736
"Kyrgyzstan",2015,4.905,8.477,0.857,63.2,0.813
"Kyrgyzstan",2016,4.857,8.5,0.914,63.5,0.814
"Kyrgyzstan",2017,5.63,8.526,0.883,63.8,0.859
"Kyrgyzstan",2018,5.297,8.543,0.898,64.1,0.945
"Kyrgyzstan",2019,5.685,8.567,0.877,64.4,0.92
"Kyrgyzstan",2020,6.25,8.503,0.902,64.7,0.935
"Laos",2006,5.076,8.251,0.807,53.92,0.925
"Laos",2007,5.364,8.307,0.79,54.44,0.867
"Laos",2008,5.044,8.366,0.807,54.96,0.886
"Laos",2011,4.704,8.548,0.691,56.3,0.882
"Laos",2012,4.876,8.611,0.693,56.6,NA
"Laos",2017,4.623,8.89,0.707,58.3,0.891
"Laos",2018,4.859,8.935,0.705,58.7,0.907
"Laos",2019,5.197,8.965,0.729,59.1,0.906
"Laos",2020,5.284,8.96,0.66,59.5,0.915
"Latvia",2006,4.71,10.032,0.884,63.16,0.641
"Latvia",2007,4.667,10.136,0.836,63.52,0.7
"Latvia",2008,5.145,10.112,0.855,63.88,0.63
"Latvia",2009,4.669,9.975,0.807,64.24,0.437
"Latvia",2011,4.967,10.029,0.836,64.86,0.564
"Latvia",2012,5.125,10.082,0.851,65.12,0.564
"Latvia",2013,5.07,10.116,0.834,65.38,0.631
"Latvia",2014,5.729,10.144,0.881,65.64,0.671
"Latvia",2015,5.881,10.185,0.879,65.9,0.656
"Latvia",2016,5.94,10.211,0.917,66.2,0.685
"Latvia",2017,5.978,10.257,0.895,66.5,0.7
"Latvia",2018,5.901,10.307,0.913,66.8,0.608
"Latvia",2019,5.97,10.336,0.936,67.1,0.698
"Latvia",2020,6.229,10.3,0.928,67.4,0.82
"Lebanon",2005,5.491,9.565,0.796,64.6,0.703
"Lebanon",2006,4.653,9.568,0.853,64.72,0.67
"Lebanon",2008,4.595,9.743,0.717,64.96,0.524
"Lebanon",2009,5.206,9.83,0.736,65.08,0.665
"Lebanon",2010,5.032,9.878,0.721,65.2,0.678
"Lebanon",2011,5.188,9.838,0.733,65.28,0.657
"Lebanon",2012,4.573,9.8,0.713,65.36,0.621
"Lebanon",2013,4.983,9.772,0.708,65.44,0.655
"Lebanon",2014,5.233,9.739,0.759,65.52,0.657
"Lebanon",2015,5.172,9.699,0.742,65.6,0.597
"Lebanon",2016,5.271,9.687,0.828,66.1,0.657
"Lebanon",2017,5.154,9.681,0.777,66.6,0.605
"Lebanon",2018,5.167,9.656,0.829,67.1,0.607
"Lebanon",2019,4.024,9.597,0.866,67.6,0.447
"Lesotho",2011,4.898,7.777,0.824,45.74,0.618
"Lesotho",2016,3.808,7.953,0.798,46.6,0.729
"Lesotho",2017,3.795,7.931,0.769,47.3,0.757
"Lesotho",2019,3.512,7.926,0.79,48.7,0.716
"Liberia",2007,3.701,7.196,0.594,49.14,0.79
"Liberia",2008,4.221,7.223,0.619,49.96,0.724
"Liberia",2010,4.196,7.258,0.827,51.6,0.819
"Liberia",2014,4.571,7.391,0.708,53.28,0.59
"Liberia",2015,2.702,7.365,0.638,53.7,0.671
"Liberia",2016,3.355,7.324,0.643,54.5,0.763
"Liberia",2017,4.424,7.324,0.685,55.3,0.733
"Liberia",2018,4.135,7.311,0.727,56.1,0.766
"Liberia",2019,5.121,7.264,0.712,56.9,0.706
"Libya",2012,5.754,9.842,0.855,62.66,0.712
"Libya",2015,5.615,9.308,0.868,62.3,0.775
"Libya",2016,5.434,9.268,0.876,62.3,0.822
"Libya",2017,5.647,9.491,0.823,62.3,0.779
"Libya",2018,5.494,9.617,0.824,62.3,0.781
"Libya",2019,5.33,9.627,0.827,62.3,0.762
"Lithuania",2006,5.954,10.046,0.93,63.14,0.567
"Lithuania",2007,5.808,10.163,0.941,63.48,0.59
"Lithuania",2008,5.554,10.199,0.914,63.82,0.621
"Lithuania",2009,5.467,10.05,0.933,64.16,0.496
"Lithuania",2010,5.066,10.085,0.882,64.5,0.519
"Lithuania",2011,5.432,10.167,0.911,64.7,0.566
"Lithuania",2012,5.771,10.218,0.919,64.9,0.503
"Lithuania",2013,5.596,10.263,0.913,65.1,0.556
"Lithuania",2014,6.126,10.306,0.908,65.3,0.508
"Lithuania",2015,5.711,10.335,0.929,65.5,0.641
"Lithuania",2016,5.866,10.373,0.938,66.1,0.614
"Lithuania",2017,6.273,10.429,0.926,66.7,0.749
"Lithuania",2018,6.309,10.474,0.929,67.3,0.699
"Lithuania",2019,6.064,10.518,0.918,67.9,0.78
"Lithuania",2020,6.391,10.504,0.953,68.5,0.824
"Luxembourg",2009,6.958,11.562,0.939,71.44,0.939
"Luxembourg",2010,7.097,11.592,0.952,71.7,0.908
"Luxembourg",2011,7.101,11.595,0.934,71.88,0.962
"Luxembourg",2012,6.964,11.567,0.914,72.06,0.917
"Luxembourg",2013,7.131,11.58,0.917,72.24,0.79
"Luxembourg",2014,6.891,11.598,0.875,72.42,0.938
"Luxembourg",2015,6.702,11.617,0.934,72.6,0.932
"Luxembourg",2016,6.967,11.64,0.941,72.6,0.882
"Luxembourg",2017,7.061,11.634,0.905,72.6,0.903
"Luxembourg",2018,7.243,11.645,0.902,72.6,0.884
"Luxembourg",2019,7.404,11.648,0.912,72.6,0.93
"Madagascar",2006,3.98,7.376,0.711,54.04,NA
"Madagascar",2008,4.64,7.439,0.776,54.92,0.332
"Madagascar",2011,4.381,7.336,0.818,56.22,0.546
"Madagascar",2012,3.551,7.339,0.673,56.64,0.487
"Madagascar",2013,3.816,7.334,0.673,57.06,0.48
"Madagascar",2014,3.676,7.34,0.655,57.48,0.529
"Madagascar",2015,3.593,7.344,0.647,57.9,0.545
"Madagascar",2016,3.663,7.356,0.746,58.3,0.57
"Madagascar",2017,4.079,7.368,0.626,58.7,0.57
"Madagascar",2018,4.071,7.386,0.666,59.1,0.551
"Madagascar",2019,4.339,7.406,0.701,59.5,0.55
"Malawi",2006,3.83,6.678,0.554,44.88,0.767
"Malawi",2007,4.891,6.742,0.6,46.26,0.91
"Malawi",2009,5.148,6.838,0.718,49.02,0.879
"Malawi",2011,3.946,6.895,0.613,51.42,0.733
"Malawi",2012,4.279,6.885,0.604,52.44,0.637
"Malawi",2013,4.035,6.907,0.563,53.46,0.752
"Malawi",2014,4.563,6.935,0.512,54.48,0.786
"Malawi",2015,3.868,6.935,0.494,55.5,0.801
"Malawi",2016,3.476,6.932,0.524,56.2,0.81
"Malawi",2017,3.417,6.945,0.555,56.9,0.848
"Malawi",2018,3.335,6.949,0.528,57.6,0.799
"Malawi",2019,3.869,6.966,0.549,58.3,0.765
"Malaysia",2006,6.012,9.839,0.866,64.96,0.837
"Malaysia",2007,6.239,9.881,0.871,65.12,0.844
"Malaysia",2008,5.807,9.909,0.803,65.28,0.78
"Malaysia",2009,5.385,9.875,0.792,65.44,0.874
"Malaysia",2010,5.58,9.93,0.839,65.6,0.769
"Malaysia",2011,5.786,9.966,0.77,65.76,0.84
"Malaysia",2012,5.914,10.005,0.841,65.92,0.848
"Malaysia",2013,5.77,10.037,0.831,66.08,0.791
"Malaysia",2014,5.963,10.082,0.863,66.24,0.808
"Malaysia",2015,6.322,10.118,0.818,66.4,0.675
"Malaysia",2018,5.339,10.223,0.789,67,0.875
"Malaysia",2019,5.428,10.252,0.842,67.2,0.916
"Maldives",2018,5.198,9.826,0.913,70.6,0.855
"Mali",2006,4.014,7.593,0.761,45.92,0.555
"Mali",2008,4.115,7.607,0.747,47.16,0.495
"Mali",2009,3.977,7.622,0.733,47.78,0.634
"Mali",2010,3.762,7.642,0.751,48.4,0.749
"Mali",2011,4.667,7.643,0.796,48.76,0.823
"Mali",2012,4.313,7.605,0.823,49.12,0.704
"Mali",2013,3.676,7.599,0.82,49.48,0.665
"Mali",2014,3.975,7.638,0.843,49.84,0.652
"Mali",2015,4.582,7.669,0.83,50.2,0.634
"Mali",2016,4.016,7.695,0.836,50.7,0.696
"Mali",2017,4.742,7.718,0.741,51.2,0.753
"Mali",2018,4.416,7.733,0.692,51.7,0.737
"Mali",2019,4.988,7.752,0.755,52.2,0.67
"Malta",2009,6.328,10.331,0.916,71.38,0.803
"Malta",2010,5.774,10.361,0.908,71.6,0.802
"Malta",2011,6.155,10.37,0.923,71.72,0.882
"Malta",2012,5.963,10.389,0.922,71.84,0.861
"Malta",2013,6.38,10.422,0.942,71.96,0.909
"Malta",2014,6.452,10.486,0.941,72.08,0.904
"Malta",2015,6.613,10.566,0.919,72.2,0.912
"Malta",2016,6.591,10.599,0.93,72.2,0.916
"Malta",2017,6.676,10.635,0.937,72.2,0.924
"Malta",2018,6.91,10.67,0.932,72.2,0.927
"Malta",2019,6.733,10.677,0.922,72.2,0.924
"Malta",2020,6.157,NA,0.938,72.2,0.931
"Mauritania",2007,4.149,8.533,0.682,53.66,0.573
"Mauritania",2008,4.248,8.501,0.67,53.94,0.593
"Mauritania",2009,4.5,8.473,0.819,54.22,0.735
"Mauritania",2010,4.772,8.47,0.857,54.5,0.669
"Mauritania",2011,4.785,8.481,0.75,54.82,0.567
"Mauritania",2012,4.673,8.495,0.763,55.14,0.487
"Mauritania",2013,4.199,8.506,0.741,55.46,0.603
"Mauritania",2014,4.483,8.519,0.853,55.78,0.468
"Mauritania",2015,3.923,8.542,0.875,56.1,0.447
"Mauritania",2016,4.472,8.526,0.785,56.4,0.467
"Mauritania",2017,4.678,8.533,0.779,56.7,0.527
"Mauritania",2018,4.314,8.526,0.802,57,0.467
"Mauritania",2019,4.153,8.556,0.798,57.3,0.628
"Mauritius",2011,5.477,9.767,0.8,64.7,0.848
"Mauritius",2014,5.648,9.865,0.785,65.3,0.824
"Mauritius",2016,5.61,9.935,0.836,65.8,0.819
"Mauritius",2017,6.174,9.972,0.91,66.1,0.912
"Mauritius",2018,5.882,10.008,0.909,66.4,0.867
"Mauritius",2019,6.241,10.043,0.913,66.7,0.893
"Mauritius",2020,6.015,9.972,0.893,67,0.843
"Mexico",2005,6.581,9.788,0.903,66.2,0.814
"Mexico",2007,6.525,9.825,0.879,66.32,0.67
"Mexico",2008,6.829,9.821,0.876,66.38,0.677
"Mexico",2009,6.963,9.752,0.868,66.44,0.682
"Mexico",2010,6.802,9.788,0.876,66.5,0.778
"Mexico",2011,6.91,9.81,0.824,66.68,0.831
"Mexico",2012,7.32,9.832,0.767,66.86,0.788
"Mexico",2013,7.443,9.832,0.759,67.04,0.739
"Mexico",2014,6.68,9.847,0.782,67.22,0.779
"Mexico",2015,6.236,9.867,0.761,67.4,0.719
"Mexico",2016,6.824,9.884,0.893,67.7,0.752
"Mexico",2017,6.41,9.893,0.8,68,0.861
"Mexico",2018,6.55,9.903,0.858,68.3,0.816
"Mexico",2019,6.432,9.891,0.852,68.6,0.903
"Mexico",2020,5.964,9.782,0.779,68.9,0.873
"Moldova",2006,5.102,8.936,0.812,60.58,0.554
"Moldova",2007,4.775,8.968,0.804,60.76,0.696
"Moldova",2008,5.503,9.045,0.872,60.94,0.641
"Moldova",2009,5.554,8.984,0.856,61.12,0.551
"Moldova",2010,5.59,9.054,0.847,61.3,0.598
"Moldova",2011,5.792,9.111,0.869,61.62,0.628
"Moldova",2012,5.996,9.105,0.826,61.94,0.602
"Moldova",2013,5.756,9.192,0.803,62.26,0.658
"Moldova",2014,5.917,9.241,0.805,62.58,0.623
"Moldova",2015,6.017,9.246,0.84,62.9,0.595
"Moldova",2016,5.578,9.3,0.837,63.6,0.557
"Moldova",2017,5.326,9.363,0.831,64.3,0.553
"Moldova",2018,5.682,9.423,0.892,65,0.824
"Moldova",2019,5.803,9.475,0.809,65.7,0.784
"Moldova",2020,5.812,9.462,0.874,66.4,0.859
"Mongolia",2007,4.609,8.833,0.881,58.82,0.781
"Mongolia",2008,4.493,8.904,0.92,59.28,0.484
"Mongolia",2010,4.586,8.92,0.904,60.2,0.631
"Mongolia",2011,5.031,9.061,0.948,60.5,0.7
"Mongolia",2012,4.885,9.158,0.919,60.8,0.688
"Mongolia",2013,4.913,9.248,0.935,61.1,0.748
"Mongolia",2014,4.825,9.304,0.943,61.4,0.752
"Mongolia",2015,4.983,9.308,0.906,61.7,0.686
"Mongolia",2016,5.057,9.3,0.947,61.9,0.76
"Mongolia",2017,5.334,9.334,0.924,62.1,0.675
"Mongolia",2018,5.465,9.386,0.942,62.3,0.696
"Mongolia",2019,5.563,9.418,0.946,62.5,0.711
"Mongolia",2020,6.011,9.396,0.918,62.7,0.718
"Montenegro",2007,5.196,9.693,0.832,66.2,0.512
"Montenegro",2009,4.801,9.699,0.816,66.8,0.556
"Montenegro",2010,5.455,9.724,0.805,67.1,0.552
"Montenegro",2011,5.223,9.755,0.818,67.26,0.546
"Montenegro",2012,5.219,9.726,0.704,67.42,0.462
"Montenegro",2013,5.074,9.76,0.736,67.58,0.502
"Montenegro",2014,5.283,9.777,0.863,67.74,0.503
"Montenegro",2015,5.125,9.81,0.74,67.9,0.583
"Montenegro",2016,5.304,9.839,0.866,68.1,0.569
"Montenegro",2017,5.615,9.885,0.881,68.3,0.626
"Montenegro",2018,5.65,9.934,0.856,68.5,0.626
"Montenegro",2019,5.386,9.97,0.832,68.7,0.694
"Montenegro",2020,5.722,9.913,0.887,68.9,0.802
"Morocco",2010,4.383,8.746,NA,63.5,0.663
"Morocco",2011,5.085,8.783,0.833,63.8,0.579
"Morocco",2012,4.97,8.799,0.676,64.1,0.757
"Morocco",2013,5.142,8.829,0.597,64.4,0.572
"Morocco",2015,5.163,8.872,0.606,65,0.713
"Morocco",2016,5.386,8.869,0.655,65.3,0.817
"Morocco",2017,5.312,8.898,0.641,65.6,0.814
"Morocco",2018,4.897,8.914,0.554,65.9,0.773
"Morocco",2019,5.057,8.925,0.535,66.2,0.757
"Morocco",2020,4.803,8.871,0.553,66.5,0.819
"Mozambique",2006,4.595,6.776,0.879,44.8,0.684
"Mozambique",2007,4.833,6.823,0.748,45.5,0.643
"Mozambique",2008,4.654,6.865,0.756,46.2,0.514
"Mozambique",2011,4.971,6.979,0.818,48.32,0.639
"Mozambique",2015,4.55,7.141,0.666,51.2,0.813
"Mozambique",2017,4.28,7.157,0.678,53.2,0.823
"Mozambique",2018,4.654,7.162,0.738,54.2,0.897
"Mozambique",2019,4.932,7.155,0.742,55.2,0.87
"Myanmar",2012,4.439,8.158,0.612,57.02,0.691
"Myanmar",2013,4.176,8.23,0.757,57.38,0.775
"Myanmar",2014,4.786,8.299,0.774,57.74,NA
"Myanmar",2015,4.224,8.359,0.752,58.1,0.808
"Myanmar",2016,4.623,8.408,0.793,58.4,0.877
"Myanmar",2017,4.154,8.464,0.795,58.7,0.886
"Myanmar",2018,4.411,8.523,0.774,59,0.906
"Myanmar",2019,4.434,8.545,0.763,59.3,0.899
"Myanmar",2020,4.431,8.554,0.796,59.6,0.825
"Namibia",2007,4.886,9.059,0.828,49.68,0.781
"Namibia",2014,4.574,9.232,0.763,55.16,0.849
"Namibia",2017,4.441,9.215,0.828,56.2,0.81
"Namibia",2018,4.834,9.204,0.864,56.5,0.754
"Namibia",2019,4.436,9.173,0.845,56.8,0.739
"Namibia",2020,4.451,9.104,0.741,57.1,0.666
"Nepal",2006,4.567,7.616,0.874,57.2,0.689
"Nepal",2007,4.748,7.638,0.787,57.7,0.413
"Nepal",2008,4.441,7.686,0.818,58.2,0.618
"Nepal",2009,4.917,7.723,0.813,58.7,0.616
"Nepal",2010,4.35,7.765,0.779,59.2,0.519
"Nepal",2011,3.809,7.797,0.741,59.4,0.525
"Nepal",2012,4.233,7.846,0.734,59.6,0.638
"Nepal",2013,4.605,7.889,0.74,59.8,0.722
"Nepal",2014,4.975,7.948,0.786,60,0.712
"Nepal",2015,4.812,7.976,0.748,60.2,0.763
"Nepal",2016,5.1,7.973,0.837,61.3,0.839
"Nepal",2017,4.737,8.039,0.816,62.4,0.845
"Nepal",2018,4.91,8.087,0.768,63.5,0.77
"Nepal",2019,5.449,8.136,0.772,64.6,0.79
"Netherlands",2005,7.464,10.814,0.947,70.4,0.901
"Netherlands",2007,7.452,10.881,0.944,70.8,0.896
"Netherlands",2008,7.631,10.899,0.944,71,0.883
"Netherlands",2010,7.502,10.864,0.957,71.4,0.921
"Netherlands",2011,7.564,10.875,0.938,71.52,0.925
"Netherlands",2012,7.471,10.861,0.939,71.64,0.877
"Netherlands",2013,7.407,10.857,0.925,71.76,0.919
"Netherlands",2014,7.321,10.867,0.909,71.88,0.91
"Netherlands",2015,7.324,10.882,0.879,72,0.904
"Netherlands",2016,7.541,10.899,0.926,72.1,0.907
"Netherlands",2017,7.459,10.921,0.937,72.2,0.92
"Netherlands",2018,7.463,10.941,0.939,72.3,0.92
"Netherlands",2019,7.425,10.953,0.941,72.4,0.886
"Netherlands",2020,7.504,10.901,0.944,72.5,0.935
"New Zealand",2006,7.305,10.526,0.946,71.2,0.932
"New Zealand",2007,7.604,10.546,0.967,71.4,0.878
"New Zealand",2008,7.381,10.528,0.944,71.6,0.893
"New Zealand",2010,7.224,10.52,0.976,72,0.918
"New Zealand",2011,7.191,10.536,0.954,72.12,0.935
"New Zealand",2012,7.25,10.553,0.93,72.24,0.902
"New Zealand",2013,7.28,10.571,0.958,72.36,0.944
"New Zealand",2014,7.306,10.592,0.942,72.48,0.932
"New Zealand",2015,7.418,10.608,0.987,72.6,0.942
"New Zealand",2016,7.226,10.623,0.937,72.8,0.927
"New Zealand",2017,7.327,10.633,0.955,73,0.942
"New Zealand",2018,7.37,10.66,0.954,73.2,0.949
"New Zealand",2019,7.205,10.666,0.939,73.4,0.912
"New Zealand",2020,7.257,10.6,0.952,73.6,0.918
"Nicaragua",2006,4.46,8.398,0.877,64.14,0.745
"Nicaragua",2007,4.944,8.434,0.866,64.48,0.836
"Nicaragua",2008,5.104,8.454,0.857,64.82,0.791
"Nicaragua",2009,5.353,8.407,0.835,65.16,0.746
"Nicaragua",2010,5.687,8.436,0.863,65.5,0.792
"Nicaragua",2011,5.386,8.484,0.8,65.72,0.779
"Nicaragua",2012,5.448,8.534,0.894,65.94,0.85
"Nicaragua",2013,5.772,8.569,0.868,66.16,0.859
"Nicaragua",2014,6.275,8.602,0.839,66.38,0.817
"Nicaragua",2015,5.924,8.636,0.827,66.6,0.809
"Nicaragua",2016,6.013,8.668,0.853,66.9,0.717
"Nicaragua",2017,6.476,8.7,0.838,67.2,0.922
"Nicaragua",2018,5.819,8.647,0.854,67.5,0.797
"Nicaragua",2019,6.113,8.595,0.874,67.8,0.883
"Niger",2006,3.737,6.888,0.677,46.36,0.75
"Niger",2007,4.277,6.881,0.726,47.12,0.584
"Niger",2008,4.236,6.918,0.607,47.88,0.649
"Niger",2009,4.267,6.898,0.771,48.64,0.88
"Niger",2010,4.101,6.941,0.655,49.4,0.817
"Niger",2011,4.556,6.925,0.818,49.92,0.78
"Niger",2012,3.798,6.987,0.7,50.44,0.734
"Niger",2013,3.716,7.002,0.696,50.96,0.825
"Niger",2014,4.181,7.027,0.753,51.48,0.688
"Niger",2015,3.671,7.03,0.713,52,0.728
"Niger",2016,4.235,7.047,0.683,52.5,0.702
"Niger",2017,4.616,7.058,0.582,53,0.684
"Niger",2018,5.164,7.087,0.612,53.5,0.791
"Niger",2019,5.004,7.106,0.677,54,0.831
"Nigeria",2006,4.71,8.326,0.735,44.12,0.649
"Nigeria",2007,4.89,8.364,0.718,44.64,0.635
"Nigeria",2008,4.939,8.403,0.78,45.16,0.584
"Nigeria",2009,4.98,8.453,0.722,45.68,0.537
"Nigeria",2010,4.76,8.504,0.824,46.2,0.565
"Nigeria",2012,5.493,8.543,0.818,47.12,0.652
"Nigeria",2013,4.818,8.581,0.663,47.58,0.622
"Nigeria",2015,4.933,8.615,0.812,48.5,0.68
"Nigeria",2016,5.22,8.573,0.805,48.9,0.798
"Nigeria",2017,5.322,8.555,0.733,49.3,0.826
"Nigeria",2018,5.252,8.548,0.741,49.7,0.79
"Nigeria",2019,4.356,8.544,0.734,50.1,0.729
"Nigeria",2020,5.503,8.484,0.739,50.5,0.713
"North Cyprus",2012,5.463,NA,0.871,NA,0.693
"North Cyprus",2013,5.567,NA,0.869,NA,0.775
"North Cyprus",2014,5.786,NA,0.802,NA,0.83
"North Cyprus",2015,5.843,NA,0.791,NA,0.785
"North Cyprus",2016,5.827,NA,0.808,NA,0.796
"North Cyprus",2018,5.608,NA,0.837,NA,0.797
"North Cyprus",2019,5.467,NA,0.803,NA,0.793
"North Macedonia",2007,4.494,9.416,0.811,64.095,0.439
"North Macedonia",2009,4.428,9.464,0.734,64.349,0.552
"North Macedonia",2010,4.18,9.496,0.687,64.502,0.513
"North Macedonia",2011,4.898,9.518,0.784,64.661,0.607
"North Macedonia",2012,4.64,9.513,0.798,64.811,0.613
"North Macedonia",2013,5.186,9.541,0.832,64.942,0.641
"North Macedonia",2014,5.204,9.576,0.793,65.053,0.645
"North Macedonia",2015,4.976,9.613,0.766,65.145,0.66
"North Macedonia",2016,5.346,9.64,0.871,65.225,0.706
"North Macedonia",2017,5.234,9.65,0.8,65.303,0.752
"North Macedonia",2018,5.24,9.677,0.849,65.389,0.745
"North Macedonia",2019,5.015,9.711,0.815,65.474,0.725
"North Macedonia",2020,5.054,9.69,0.75,65.56,0.787
"Norway",2006,7.416,11.031,0.959,71.32,0.96
"Norway",2008,7.632,11.042,0.936,71.56,0.947
"Norway",2012,7.678,11.017,0.948,72.24,0.947
"Norway",2014,7.444,11.024,0.941,72.68,0.956
"Norway",2015,7.603,11.033,0.947,72.9,0.948
"Norway",2016,7.596,11.035,0.96,73,0.954
"Norway",2017,7.579,11.05,0.95,73.1,0.953
"Norway",2018,7.444,11.056,0.966,73.2,0.96
"Norway",2019,7.442,11.061,0.942,73.3,0.954
"Norway",2020,7.29,11.042,0.956,73.4,0.965
"Oman",2011,6.853,10.382,NA,65.5,0.916
"Pakistan",2005,5.225,8.218,0.591,54.2,0.63
"Pakistan",2007,5.671,8.277,0.479,55,0.396
"Pakistan",2008,4.414,8.271,0.373,55.4,0.335
"Pakistan",2009,5.208,8.277,0.522,55.8,0.388
"Pakistan",2010,5.786,8.27,0.571,56.2,0.364
"Pakistan",2011,5.267,8.276,0.51,56.42,0.376
"Pakistan",2012,5.132,8.289,0.542,56.64,0.367
"Pakistan",2013,5.138,8.311,0.607,56.86,0.448
"Pakistan",2014,5.436,8.336,0.552,57.08,0.543
"Pakistan",2015,4.823,8.361,0.562,57.3,0.587
"Pakistan",2016,5.549,8.394,0.627,57.7,0.634
"Pakistan",2017,5.831,8.428,0.69,58.1,0.713
"Pakistan",2018,5.472,8.464,0.685,58.5,0.773
"Pakistan",2019,4.443,8.453,0.617,58.9,0.685
"Palestinian Territories",2006,4.716,8.213,0.818,61.78,0.547
"Palestinian Territories",2007,4.151,8.218,0.712,61.897,0.365
"Palestinian Territories",2008,4.386,8.276,0.666,62.015,0.358
"Palestinian Territories",2009,4.47,8.329,0.738,62.132,0.468
"Palestinian Territories",2010,4.703,8.383,0.822,62.25,0.504
"Palestinian Territories",2011,4.751,8.474,0.751,NA,0.522
"Palestinian Territories",2012,4.647,8.531,0.782,NA,0.542
"Palestinian Territories",2013,4.844,8.489,0.761,NA,0.454
"Palestinian Territories",2014,4.722,8.457,0.775,NA,0.657
"Palestinian Territories",2015,4.695,8.48,0.766,NA,0.556
"Palestinian Territories",2016,4.907,8.498,0.818,NA,0.608
"Palestinian Territories",2017,4.628,8.485,0.824,NA,0.632
"Palestinian Territories",2018,4.554,NA,0.819,NA,0.655
"Palestinian Territories",2019,4.483,NA,0.833,NA,0.653
"Panama",2006,6.128,9.764,0.951,67.9,0.882
"Panama",2007,6.894,9.859,0.937,68,0.64
"Panama",2008,6.931,9.935,0.922,68.1,0.707
"Panama",2009,7.034,9.93,0.905,68.2,0.721
"Panama",2010,7.321,9.969,0.928,68.3,0.755
"Panama",2011,7.248,10.059,0.876,68.5,0.829
"Panama",2012,6.86,10.135,0.897,68.7,0.783
"Panama",2013,6.866,10.184,0.896,68.9,0.811
"Panama",2014,6.631,10.217,0.873,69.1,0.894
"Panama",2015,6.606,10.255,0.883,69.3,0.847
"Panama",2016,6.118,10.287,0.882,69.4,0.884
"Panama",2017,6.568,10.324,0.912,69.5,0.9
"Panama",2018,6.281,10.343,0.904,69.6,0.861
"Panama",2019,6.086,10.356,0.886,69.7,0.883
"Paraguay",2006,4.73,9.088,0.895,63.62,0.691
"Paraguay",2007,5.272,9.126,0.863,63.84,0.699
"Paraguay",2008,5.57,9.174,0.889,64.06,0.649
"Paraguay",2009,5.576,9.158,0.9,64.28,0.718
"Paraguay",2010,5.841,9.25,0.889,64.5,0.726
"Paraguay",2011,5.677,9.278,0.869,64.62,0.666
"Paraguay",2012,5.82,9.259,0.931,64.74,0.748
"Paraguay",2013,5.936,9.326,0.939,64.86,0.909
"Paraguay",2014,5.119,9.36,0.959,64.98,0.759
"Paraguay",2015,5.56,9.377,0.914,65.1,0.806
"Paraguay",2016,5.801,9.406,0.94,65.3,0.854
"Paraguay",2017,5.713,9.441,0.902,65.5,0.891
"Paraguay",2019,5.653,9.448,0.892,65.9,0.876
"Peru",2006,4.811,8.989,0.875,65.34,0.668
"Peru",2007,5.214,9.063,0.756,65.58,0.638
"Peru",2008,5.129,9.142,0.777,65.82,0.638
"Peru",2009,5.519,9.145,0.799,66.06,0.638
"Peru",2010,5.613,9.217,0.812,66.3,0.757
"Peru",2011,5.892,9.27,0.756,66.48,0.773
"Peru",2012,5.825,9.322,0.764,66.66,0.703
"Peru",2013,5.783,9.369,0.797,66.84,0.703
"Peru",2014,5.866,9.382,0.819,67.02,0.722
"Peru",2015,5.577,9.402,0.798,67.2,0.802
"Peru",2016,5.701,9.426,0.803,67.5,0.83
"Peru",2017,5.711,9.434,0.83,67.8,0.827
"Peru",2018,5.68,9.456,0.845,68.1,0.83
"Peru",2019,5.999,9.461,0.809,68.4,0.815
"Philippines",2006,4.67,8.562,0.795,59.8,0.828
"Philippines",2007,5.074,8.608,0.801,60,0.852
"Philippines",2008,4.589,8.634,0.798,60.2,0.861
"Philippines",2009,4.88,8.632,0.775,60.4,0.874
"Philippines",2010,4.942,8.686,0.805,60.6,0.893
"Philippines",2011,4.994,8.707,0.789,60.8,0.883
"Philippines",2012,5.002,8.756,0.813,61,0.914
"Philippines",2013,4.977,8.805,0.846,61.2,0.907
"Philippines",2014,5.313,8.85,0.813,61.4,0.902
"Philippines",2015,5.547,8.896,0.854,61.6,0.912
"Philippines",2016,5.431,8.95,0.821,61.7,0.908
"Philippines",2017,5.594,9.002,0.851,61.8,0.926
"Philippines",2018,5.869,9.05,0.846,61.9,0.918
"Philippines",2019,6.268,9.095,0.845,62,0.91
"Philippines",2020,5.08,9.061,0.781,62.1,0.932
"Poland",2005,5.587,9.849,0.922,66.3,0.782
"Poland",2007,5.886,9.978,0.913,66.7,0.772
"Poland",2009,5.772,10.047,0.917,67.1,0.821
"Poland",2010,5.887,10.085,0.955,67.3,0.795
"Poland",2011,5.646,10.133,0.905,67.46,0.868
"Poland",2012,5.876,10.149,0.936,67.62,0.811
"Poland",2013,5.746,10.164,0.912,67.78,0.776
"Poland",2014,5.75,10.197,0.924,67.94,0.875
"Poland",2015,6.007,10.235,0.893,68.1,0.793
"Poland",2016,6.162,10.266,0.917,68.5,0.871
"Poland",2017,6.201,10.314,0.882,68.9,0.831
"Poland",2018,6.111,10.366,0.863,69.3,0.87
"Poland",2019,6.242,10.407,0.878,69.7,0.883
"Poland",2020,6.139,10.371,0.953,70.1,0.767
"Portugal",2006,5.405,10.36,0.905,69.84,0.882
"Portugal",2008,5.717,10.384,0.886,70.32,0.646
"Portugal",2010,5.095,10.368,0.864,70.8,0.721
"Portugal",2011,5.22,10.353,0.856,71,0.875
"Portugal",2012,4.994,10.315,0.866,71.2,0.774
"Portugal",2013,5.158,10.312,0.867,71.4,0.788
"Portugal",2014,5.127,10.325,0.862,71.6,0.847
"Portugal",2015,5.081,10.347,0.866,71.8,0.8
"Portugal",2016,5.447,10.37,0.905,72,0.838
"Portugal",2017,5.711,10.407,0.9,72.2,0.905
"Portugal",2018,5.92,10.434,0.887,72.4,0.877
"Portugal",2019,6.095,10.457,0.876,72.6,0.882
"Portugal",2020,5.768,10.371,0.875,72.8,0.913
"Qatar",2009,6.418,11.456,0.894,66.58,0.865
"Qatar",2010,6.85,11.52,NA,66.7,NA
"Qatar",2011,6.592,11.553,0.857,67.02,0.905
"Qatar",2012,6.611,11.523,0.838,67.34,0.924
"Qatar",2015,6.375,11.486,NA,68.3,NA
"Romania",2005,5.049,9.724,0.838,64,0.8
"Romania",2007,5.394,9.892,0.736,64.48,0.686
"Romania",2009,5.368,9.949,0.812,64.96,0.606
"Romania",2010,4.909,9.915,0.689,65.2,0.566
"Romania",2011,5.023,9.94,0.753,65.42,0.65
"Romania",2012,5.167,9.965,0.74,65.64,0.645
"Romania",2013,5.082,10.004,0.778,65.86,0.655
"Romania",2014,5.727,10.041,0.753,66.08,0.754
"Romania",2015,5.777,10.083,0.787,66.3,0.796
"Romania",2016,5.969,10.136,0.809,66.6,0.822
"Romania",2017,6.09,10.211,0.811,66.9,0.839
"Romania",2018,6.151,10.26,0.818,67.2,0.845
"Romania",2019,6.13,10.306,0.842,67.5,0.848
"Russia",2006,4.964,9.991,0.895,58.68,0.643
"Russia",2007,5.223,10.074,0.885,59.26,0.593
"Russia",2008,5.619,10.125,0.882,59.84,0.643
"Russia",2009,5.158,10.044,0.908,60.42,0.617
"Russia",2010,5.385,10.087,0.909,61,0.613
"Russia",2011,5.389,10.129,0.883,61.42,0.626
"Russia",2012,5.621,10.166,0.901,61.84,0.609
"Russia",2013,5.537,10.182,0.881,62.26,0.661
"Russia",2014,6.037,10.171,0.932,62.68,0.744
"Russia",2015,5.996,10.149,0.924,63.1,0.685
"Russia",2016,5.855,10.149,0.911,63.5,0.714
"Russia",2017,5.579,10.166,0.896,63.9,0.731
"Russia",2018,5.514,10.191,0.909,64.3,0.729
"Russia",2019,5.441,10.205,0.91,64.7,0.715
"Russia",2020,5.495,10.162,0.887,65.1,0.714
"Rwanda",2006,4.215,7.111,0.718,49.88,0.915
"Rwanda",2008,4.363,7.239,0.486,53.04,0.752
"Rwanda",2009,4.03,7.273,0.559,54.62,0.766
"Rwanda",2011,4.097,7.369,0.57,56.82,0.829
"Rwanda",2012,3.333,7.428,0.637,57.44,0.835
"Rwanda",2013,3.466,7.449,0.75,58.06,0.904
"Rwanda",2014,3.596,7.484,0.748,58.68,0.894
"Rwanda",2015,3.483,7.544,0.678,59.3,0.908
"Rwanda",2016,3.333,7.576,0.665,59.9,0.911
"Rwanda",2017,3.108,7.588,0.517,60.5,0.908
"Rwanda",2018,3.561,7.644,0.616,61.1,0.924
"Rwanda",2019,3.268,7.708,0.489,61.7,0.869
"Saudi Arabia",2005,7.08,10.699,0.868,63.5,NA
"Saudi Arabia",2007,7.267,10.689,0.892,63.86,0.622
"Saudi Arabia",2008,6.811,10.722,0.823,64.04,0.532
"Saudi Arabia",2009,6.148,10.673,0.921,64.22,0.639
"Saudi Arabia",2010,6.307,10.693,0.88,64.4,0.678
"Saudi Arabia",2011,6.7,10.758,0.83,64.6,0.603
"Saudi Arabia",2012,6.396,10.779,0.867,64.8,0.56
"Saudi Arabia",2013,6.495,10.776,0.827,65,0.661
"Saudi Arabia",2014,6.278,10.783,0.818,65.2,0.762
"Saudi Arabia",2015,6.345,10.798,0.82,65.4,0.82
"Saudi Arabia",2016,6.474,10.792,0.89,65.7,0.774
"Saudi Arabia",2017,6.294,10.764,0.84,66,0.814
"Saudi Arabia",2018,6.356,10.771,0.868,66.3,0.855
"Saudi Arabia",2019,6.561,10.757,0.912,66.6,0.891
"Saudi Arabia",2020,6.56,10.701,0.89,66.9,0.884
"Senegal",2006,4.417,7.881,0.76,53.38,0.736
"Senegal",2007,4.68,7.903,0.718,54.06,0.698
"Senegal",2008,4.683,7.916,0.756,54.74,0.612
"Senegal",2009,4.335,7.909,0.81,55.42,0.557
"Senegal",2010,4.372,7.917,0.76,56.1,0.777
"Senegal",2011,3.834,7.904,0.602,56.56,0.641
"Senegal",2012,3.669,7.926,0.711,57.02,0.668
"Senegal",2013,3.647,7.926,0.823,57.48,0.636
"Senegal",2014,4.395,7.961,0.856,57.94,0.692
"Senegal",2015,4.617,7.995,0.702,58.4,0.72
"Senegal",2016,4.595,8.029,0.839,58.8,0.744
"Senegal",2017,4.683,8.072,0.744,59.2,0.687
"Senegal",2018,4.769,8.106,0.739,59.6,0.629
"Senegal",2019,5.489,8.13,0.688,60,0.759
"Serbia",2007,4.75,9.532,0.844,65.6,0.453
"Serbia",2009,4.38,9.568,0.77,66,0.373
"Serbia",2010,4.461,9.579,0.726,66.2,0.463
"Serbia",2011,4.815,9.607,0.773,66.36,0.44
"Serbia",2012,5.155,9.605,0.819,66.52,0.461
"Serbia",2013,5.102,9.638,0.828,66.68,0.533
"Serbia",2014,5.113,9.627,0.783,66.84,0.532
"Serbia",2015,5.318,9.649,0.816,67,0.546
"Serbia",2016,5.753,9.688,0.895,67.4,0.614
"Serbia",2017,5.122,9.713,0.884,67.8,0.685
"Serbia",2018,5.936,9.762,0.853,68.2,0.74
"Serbia",2019,6.241,9.808,0.903,68.6,0.753
"Serbia",2020,6.042,9.788,0.852,69,0.843
"Sierra Leone",2006,3.628,7.136,0.561,40.3,0.679
"Sierra Leone",2007,3.585,7.187,0.686,41.2,0.72
"Sierra Leone",2008,2.997,7.215,0.591,42.1,0.716
"Sierra Leone",2010,4.134,7.254,0.812,43.9,0.726
"Sierra Leone",2011,4.502,7.292,0.782,44.32,0.77
"Sierra Leone",2013,4.514,7.577,0.708,45.16,0.72
"Sierra Leone",2014,4.5,7.6,0.869,45.58,0.681
"Sierra Leone",2015,4.909,7.347,0.611,46,0.624
"Sierra Leone",2016,4.733,7.384,0.657,47.6,0.681
"Sierra Leone",2017,4.09,7.404,0.652,49.2,0.711
"Sierra Leone",2018,4.306,7.417,0.65,50.8,0.716
"Sierra Leone",2019,3.447,7.449,0.611,52.4,0.718
"Singapore",2006,6.463,11.168,0.904,73.6,0.757
"Singapore",2007,6.834,11.212,0.921,73.9,0.867
"Singapore",2008,6.642,11.178,0.845,74.2,0.661
"Singapore",2009,6.145,11.149,0.866,74.5,0.776
"Singapore",2010,6.531,11.267,0.864,74.8,0.846
"Singapore",2011,6.561,11.307,0.904,75.02,0.822
"Singapore",2013,6.533,11.357,0.808,75.46,0.827
"Singapore",2014,7.062,11.383,0.822,75.68,0.835
"Singapore",2015,6.62,11.4,0.866,75.9,0.887
"Singapore",2016,6.033,11.419,0.925,76.2,0.904
"Singapore",2017,6.378,11.461,0.897,76.5,0.926
"Singapore",2018,6.375,11.49,0.903,76.8,0.916
"Singapore",2019,6.378,11.486,0.925,77.1,0.938
"Slovakia",2006,5.265,10.015,0.954,66,0.542
"Slovakia",2010,6.052,10.169,0.92,66.8,0.636
"Slovakia",2011,5.945,10.196,0.917,67.04,0.727
"Slovakia",2012,5.911,10.213,0.926,67.28,0.62
"Slovakia",2013,5.937,10.218,0.909,67.52,0.598
"Slovakia",2014,6.139,10.244,0.924,67.76,0.635
"Slovakia",2015,6.162,10.291,0.943,68,0.587
"Slovakia",2016,5.993,10.31,0.945,68.3,0.7
"Slovakia",2017,6.366,10.339,0.913,68.6,0.714
"Slovakia",2018,6.235,10.376,0.922,68.9,0.758
"Slovakia",2019,6.243,10.398,0.933,69.2,0.771
"Slovakia",2020,6.519,10.332,0.954,69.5,0.762
"Slovenia",2006,5.811,10.403,0.936,68,0.936
"Slovenia",2009,5.83,10.41,0.919,68.9,0.896
"Slovenia",2010,6.083,10.419,0.917,69.2,0.896
"Slovenia",2011,6.036,10.426,0.931,69.4,0.907
"Slovenia",2012,6.063,10.397,0.925,69.6,0.904
"Slovenia",2013,5.975,10.385,0.932,69.8,0.89
"Slovenia",2014,5.678,10.412,0.908,70,0.888
"Slovenia",2015,5.741,10.433,0.901,70.2,0.896
"Slovenia",2016,5.937,10.463,0.934,70.5,0.904
"Slovenia",2017,6.167,10.509,0.928,70.8,0.921
"Slovenia",2018,6.249,10.546,0.941,71.1,0.942
"Slovenia",2019,6.665,10.563,0.949,71.4,0.945
"Slovenia",2020,6.462,10.478,0.953,71.7,0.958
"Somalia",2014,5.528,NA,0.611,49.6,0.874
"Somalia",2015,5.354,NA,0.599,50.1,0.968
"Somalia",2016,4.668,NA,0.594,50,0.917
"Somaliland region",2009,4.991,NA,0.88,NA,0.746
"Somaliland region",2010,4.657,NA,0.829,NA,0.82
"Somaliland region",2011,4.931,NA,0.788,NA,0.858
"Somaliland region",2012,5.057,NA,0.786,NA,0.758
"South Africa",2006,5.084,9.386,0.913,48.02,0.649
"South Africa",2007,5.204,9.426,0.788,48.64,0.69
"South Africa",2008,5.346,9.444,0.81,49.26,0.749
"South Africa",2009,5.218,9.414,0.877,49.88,0.739
"South Africa",2010,4.652,9.43,0.917,50.5,0.739
"South Africa",2011,4.931,9.447,0.858,51.46,0.835
"South Africa",2012,5.134,9.453,0.907,52.42,0.59
"South Africa",2013,3.661,9.461,0.839,53.38,0.714
"South Africa",2014,4.828,9.464,0.881,54.34,0.794
"South Africa",2015,4.887,9.46,0.898,55.3,0.862
"South Africa",2016,4.77,9.45,0.875,55.7,0.774
"South Africa",2017,4.514,9.45,0.87,56.1,0.787
"South Africa",2018,4.884,9.444,0.841,56.5,0.753
"South Africa",2019,5.035,9.432,0.848,56.9,0.738
"South Africa",2020,4.947,9.332,0.891,57.3,0.757
"South Korea",2006,5.332,10.31,0.775,70.2,0.715
"South Korea",2007,5.767,10.361,0.827,70.5,0.656
"South Korea",2008,5.39,10.383,0.754,70.8,0.524
"South Korea",2009,5.648,10.386,0.811,71.1,0.6
"South Korea",2010,6.116,10.447,0.816,71.4,0.677
"South Korea",2011,6.947,10.475,0.809,71.66,0.682
"South Korea",2012,6.003,10.494,0.775,71.92,0.618
"South Korea",2013,5.959,10.52,0.797,72.18,0.642
"South Korea",2014,5.801,10.546,0.738,72.44,0.623
"South Korea",2015,5.78,10.568,0.768,72.7,0.616
"South Korea",2016,5.971,10.593,0.811,73,0.591
"South Korea",2017,5.874,10.621,0.807,73.3,0.538
"South Korea",2018,5.84,10.643,0.798,73.6,0.6
"South Korea",2019,5.903,10.661,0.783,73.9,0.706
"South Korea",2020,5.793,10.648,0.808,74.2,0.711
"South Sudan",2014,3.832,NA,0.545,49.84,0.567
"South Sudan",2015,4.071,NA,0.585,50.2,0.512
"South Sudan",2016,2.888,NA,0.532,50.6,0.44
"South Sudan",2017,2.817,NA,0.557,51,0.456
"Spain",2005,7.153,10.546,0.961,71.5,0.916
"Spain",2007,6.995,10.587,0.957,72.06,0.782
"Spain",2008,7.294,10.579,0.948,72.34,0.834
"Spain",2009,6.199,10.532,0.929,72.62,0.749
"Spain",2010,6.188,10.529,0.95,72.9,0.796
"Spain",2011,6.518,10.518,0.944,73.02,0.819
"Spain",2012,6.291,10.487,0.937,73.14,0.755
"Spain",2013,6.15,10.476,0.929,73.26,0.759
"Spain",2014,6.456,10.492,0.948,73.38,0.738
"Spain",2015,6.381,10.531,0.956,73.5,0.732
"Spain",2016,6.319,10.56,0.942,73.8,0.768
"Spain",2017,6.23,10.586,0.903,74.1,0.756
"Spain",2018,6.513,10.605,0.91,74.4,0.722
"Spain",2019,6.457,10.618,0.949,74.7,0.778
"Spain",2020,6.502,10.488,0.935,75,0.783
"Sri Lanka",2006,4.345,8.912,0.864,65.78,0.724
"Sri Lanka",2007,4.415,8.97,0.838,65.86,0.736
"Sri Lanka",2008,4.431,9.021,0.816,65.94,0.834
"Sri Lanka",2009,4.212,9.049,0.83,66.02,0.799
"Sri Lanka",2010,3.977,9.119,0.814,66.1,0.738
"Sri Lanka",2011,4.181,9.193,0.842,66.2,0.823
"Sri Lanka",2012,4.225,9.279,0.824,66.3,0.8
"Sri Lanka",2013,4.365,9.305,0.809,66.4,0.834
"Sri Lanka",2014,4.268,9.344,0.805,66.5,0.868
"Sri Lanka",2015,4.612,9.383,0.863,66.6,0.902
"Sri Lanka",2017,4.331,9.44,0.823,67,0.827
"Sri Lanka",2018,4.435,9.462,0.833,67.2,0.859
"Sri Lanka",2019,4.213,9.479,0.815,67.4,0.824
"Sudan",2009,4.455,8.106,0.911,53.7,0.71
"Sudan",2010,4.435,8.076,0.855,54,0.648
"Sudan",2011,4.314,8.204,0.818,54.28,0.583
"Sudan",2012,4.55,8.296,0.813,54.56,0.412
"Sudan",2014,4.139,8.317,0.811,55.12,0.39
"Suriname",2012,6.269,9.797,0.797,62.24,0.885
"Swaziland",2011,4.867,8.94,0.837,40.808,0.607
"Swaziland",2018,4.212,9.06,0.779,50.353,0.71
"Swaziland",2019,4.396,9.07,0.759,51.27,0.597
"Sweden",2005,7.376,10.739,0.951,71.2,0.964
"Sweden",2007,7.241,10.806,0.917,71.48,0.91
"Sweden",2008,7.516,10.793,0.923,71.62,0.912
"Sweden",2009,7.266,10.74,0.903,71.76,0.864
"Sweden",2010,7.496,10.79,0.97,71.9,0.905
"Sweden",2011,7.382,10.814,0.921,71.98,0.941
"Sweden",2012,7.56,10.8,0.929,72.06,0.944
"Sweden",2013,7.434,10.804,0.916,72.14,0.936
"Sweden",2014,7.239,10.82,0.933,72.22,0.945
"Sweden",2015,7.289,10.853,0.929,72.3,0.935
"Sweden",2016,7.369,10.861,0.912,72.4,0.918
"Sweden",2017,7.287,10.873,0.914,72.5,0.935
"Sweden",2018,7.375,10.881,0.931,72.6,0.942
"Sweden",2019,7.398,10.882,0.934,72.7,0.942
"Sweden",2020,7.314,10.838,0.936,72.8,0.951
"Switzerland",2006,7.473,11.05,0.951,71.54,0.919
"Switzerland",2009,7.525,11.055,0.938,72.26,0.891
"Switzerland",2012,7.776,11.079,0.947,72.78,0.945
"Switzerland",2014,7.493,11.098,0.959,73.06,0.949
"Switzerland",2015,7.572,11.1,0.938,73.2,0.928
"Switzerland",2016,7.459,11.106,0.928,73.5,0.934
"Switzerland",2017,7.474,11.115,0.95,73.8,0.925
"Switzerland",2018,7.509,11.134,0.93,74.1,0.926
"Switzerland",2019,7.694,11.136,0.949,74.4,0.913
"Switzerland",2020,7.508,11.081,0.946,74.7,0.917
"Syria",2008,5.323,8.652,0.712,63.9,0.661
"Syria",2009,4.979,8.654,0.842,64,0.748
"Syria",2010,4.465,8.729,0.934,64.1,0.647
"Syria",2011,4.038,8.727,0.576,62.32,0.53
"Syria",2012,3.164,8.563,0.588,60.54,0.467
"Syria",2013,2.688,8.396,0.585,58.76,0.455
"Syria",2015,3.462,8.442,0.464,55.2,0.448
"Taiwan Province of China",2006,6.189,10.613,0.882,68.68,0.63
"Taiwan Province of China",2008,5.548,10.606,0.83,69.14,0.642
"Taiwan Province of China",2010,6.229,10.691,0.831,69.6,0.677
"Taiwan Province of China",2011,6.309,10.705,0.863,NA,0.761
"Taiwan Province of China",2012,6.126,10.716,0.825,NA,0.698
"Taiwan Province of China",2013,6.34,10.75,0.817,NA,0.69
"Taiwan Province of China",2014,6.363,10.798,0.87,NA,0.693
"Taiwan Province of China",2015,6.45,10.842,0.885,NA,0.701
"Taiwan Province of China",2016,6.513,10.855,0.895,NA,0.719
"Taiwan Province of China",2017,6.359,10.871,0.891,NA,0.76
"Taiwan Province of China",2018,6.467,NA,0.896,NA,0.741
"Taiwan Province of China",2019,6.537,NA,0.893,NA,0.814
"Taiwan Province of China",2020,6.751,NA,0.901,NA,0.799
"Tajikistan",2006,4.613,7.554,0.724,60.64,0.702
"Tajikistan",2007,4.432,7.609,0.727,61.08,0.818
"Tajikistan",2008,5.064,7.665,0.701,61.52,0.816
"Tajikistan",2009,4.575,7.682,0.676,61.96,0.744
"Tajikistan",2010,4.381,7.723,0.759,62.4,0.784
"Tajikistan",2011,4.263,7.772,0.751,62.56,0.776
"Tajikistan",2012,4.497,7.821,0.729,62.72,0.749
"Tajikistan",2013,4.967,7.87,0.701,62.88,0.693
"Tajikistan",2014,4.896,7.911,0.81,63.04,0.853
"Tajikistan",2015,5.124,7.945,0.844,63.2,0.847
"Tajikistan",2016,5.104,7.987,0.857,63.5,0.703
"Tajikistan",2017,5.829,8.036,0.663,63.8,0.832
"Tajikistan",2018,5.497,8.082,0.875,64.1,NA
"Tajikistan",2019,5.464,8.126,0.88,64.4,NA
"Tajikistan",2020,5.373,8.08,0.79,64.7,NA
"Tanzania",2006,3.922,7.485,0.783,48.7,0.787
"Tanzania",2007,4.318,7.522,0.708,49.6,0.716
"Tanzania",2008,4.385,7.549,0.774,50.5,0.562
"Tanzania",2009,3.408,7.572,0.837,51.4,0.607
"Tanzania",2010,3.229,7.604,0.813,52.3,0.597
"Tanzania",2011,4.074,7.649,0.883,53.04,0.736
"Tanzania",2012,4.007,7.663,0.832,53.78,0.577
"Tanzania",2013,3.852,7.699,0.803,54.52,0.654
"Tanzania",2014,3.483,7.734,0.789,55.26,0.654
"Tanzania",2015,3.661,7.764,0.79,56,0.759
"Tanzania",2016,2.903,7.8,0.638,56.5,0.775
"Tanzania",2017,3.347,7.836,0.705,57,0.8
"Tanzania",2018,3.445,7.859,0.675,57.5,0.807
"Tanzania",2019,3.64,7.886,0.687,58,0.85
"Tanzania",2020,3.786,7.881,0.74,58.5,0.83
"Thailand",2006,5.885,9.461,0.894,64.14,0.863
"Thailand",2007,5.784,9.508,0.889,64.48,0.87
"Thailand",2008,5.636,9.52,0.832,64.82,0.868
"Thailand",2009,5.476,9.508,0.893,65.16,0.868
"Thailand",2010,6.217,9.576,0.898,65.5,0.86
"Thailand",2011,6.664,9.579,0.884,65.72,0.927
"Thailand",2012,6.3,9.645,0.906,65.94,0.847
"Thailand",2013,6.231,9.667,0.926,66.16,0.781
"Thailand",2014,6.985,9.672,0.933,66.38,0.9
"Thailand",2015,6.202,9.699,0.866,66.6,0.885
"Thailand",2016,6.074,9.729,0.908,66.8,0.924
"Thailand",2017,5.939,9.765,0.877,67,0.923
"Thailand",2018,6.012,9.803,0.873,67.2,0.905
"Thailand",2019,6.022,9.824,0.903,67.4,0.898
"Thailand",2020,5.885,9.769,0.867,67.6,0.84
"Togo",2006,3.202,7.078,0.435,49.26,0.628
"Togo",2008,2.808,7.052,0.291,50.18,0.287
"Togo",2011,2.936,7.146,0.303,51.58,0.584
"Togo",2014,2.839,7.247,0.444,53.02,0.663
"Togo",2015,3.768,7.277,0.479,53.5,0.772
"Togo",2016,3.879,7.306,0.509,53.9,0.73
"Togo",2017,4.361,7.324,0.508,54.3,0.717
"Togo",2018,4.023,7.348,0.596,54.7,0.612
"Togo",2019,4.179,7.375,0.539,55.1,0.617
"Trinidad and Tobago",2006,5.832,10.224,0.887,61.76,0.84
"Trinidad and Tobago",2008,6.696,10.295,0.858,62.08,0.838
"Trinidad and Tobago",2011,6.519,10.263,0.863,62.54,0.775
"Trinidad and Tobago",2013,6.168,10.285,0.883,62.82,0.847
"Trinidad and Tobago",2017,6.192,10.183,0.916,63.5,0.859
"Tunisia",2009,5.025,9.197,NA,64.96,0.781
"Tunisia",2010,5.131,9.222,0.863,65.1,0.624
"Tunisia",2011,4.876,9.192,0.715,65.28,0.603
"Tunisia",2012,4.464,9.222,0.614,65.46,0.568
"Tunisia",2013,5.246,9.24,0.648,65.64,0.536
"Tunisia",2014,4.764,9.26,0.68,65.82,0.589
"Tunisia",2015,5.132,9.261,0.609,66,0.711
"Tunisia",2016,4.521,9.262,0.702,66.3,0.614
"Tunisia",2017,4.124,9.269,0.717,66.6,0.478
"Tunisia",2018,4.741,9.284,0.733,66.9,0.65
"Tunisia",2019,4.315,9.283,0.61,67.2,0.659
"Tunisia",2020,4.731,9.231,0.719,67.5,0.668
"Turkey",2005,4.719,9.809,0.82,62.6,0.623
"Turkey",2007,5.623,9.903,0.792,63.32,0.459
"Turkey",2008,5.118,9.899,0.645,63.68,0.415
"Turkey",2009,5.213,9.838,0.755,64.04,0.456
"Turkey",2010,5.49,9.906,0.795,64.4,0.515
"Turkey",2011,5.272,9.996,0.692,64.64,0.446
"Turkey",2012,5.309,10.026,0.739,64.88,0.471
"Turkey",2013,4.888,10.091,0.795,65.12,0.541
"Turkey",2014,5.58,10.124,0.863,65.36,0.649
"Turkey",2015,5.514,10.166,0.851,65.6,0.653
"Turkey",2016,5.326,10.181,0.88,66,0.644
"Turkey",2017,5.607,10.238,0.876,66.4,0.644
"Turkey",2018,5.186,10.251,0.847,66.8,0.529
"Turkey",2019,4.872,10.246,0.792,67.2,0.631
"Turkey",2020,4.862,10.219,0.857,67.6,0.51
"Turkmenistan",2009,6.568,8.989,0.924,59.44,NA
"Turkmenistan",2011,5.792,9.182,0.964,60.04,NA
"Turkmenistan",2012,5.464,9.269,0.946,60.28,0.786
"Turkmenistan",2013,5.392,9.348,0.846,60.52,0.705
"Turkmenistan",2014,5.787,9.427,0.909,60.76,0.805
"Turkmenistan",2015,5.791,9.472,0.96,61,0.701
"Turkmenistan",2016,5.887,9.515,0.929,61.4,0.749
"Turkmenistan",2017,5.229,9.561,0.908,61.8,0.72
"Turkmenistan",2018,4.621,9.605,0.984,62.2,0.858
"Turkmenistan",2019,5.474,9.651,0.982,62.6,0.892
"Uganda",2006,3.734,7.37,0.76,46.48,0.747
"Uganda",2007,4.456,7.419,0.845,47.46,0.708
"Uganda",2008,4.569,7.471,0.813,48.44,0.578
"Uganda",2009,4.612,7.505,0.852,49.42,0.76
"Uganda",2010,4.193,7.528,0.83,50.4,0.801
"Uganda",2011,4.826,7.586,0.882,51.22,0.733
"Uganda",2012,4.309,7.592,0.885,52.04,0.649
"Uganda",2013,3.71,7.595,0.878,52.86,0.763
"Uganda",2014,3.77,7.611,0.821,53.68,0.834
"Uganda",2015,4.238,7.627,0.747,54.5,0.758
"Uganda",2016,4.233,7.637,0.754,54.9,0.739
"Uganda",2017,4.001,7.638,0.74,55.3,0.772
"Uganda",2018,4.322,7.66,0.74,55.7,0.729
"Uganda",2019,4.948,7.688,0.805,56.1,0.704
"Uganda",2020,4.641,7.684,0.8,56.5,0.687
"Ukraine",2006,4.804,9.38,0.852,60.12,0.624
"Ukraine",2007,5.252,9.459,0.82,60.64,0.494
"Ukraine",2008,5.172,9.488,0.86,61.16,0.487
"Ukraine",2009,5.166,9.332,0.845,61.68,0.46
"Ukraine",2010,5.058,9.374,0.884,62.2,0.484
"Ukraine",2011,5.083,9.431,0.859,62.5,0.579
"Ukraine",2012,5.03,9.436,0.898,62.8,0.564
"Ukraine",2013,4.711,9.438,0.897,63.1,0.569
"Ukraine",2014,4.297,9.426,0.877,63.4,0.533
"Ukraine",2015,3.965,9.327,0.909,63.7,0.431
"Ukraine",2016,4.029,9.353,0.885,64,0.503
"Ukraine",2017,4.311,9.382,0.858,64.3,0.599
"Ukraine",2018,4.662,9.42,0.901,64.6,0.663
"Ukraine",2019,4.702,9.458,0.883,64.9,0.715
"Ukraine",2020,5.27,9.428,0.885,65.2,0.784
"United Arab Emirates",2006,6.734,11.367,0.903,65.92,0.898
"United Arab Emirates",2009,6.866,10.975,0.885,66.28,0.849
"United Arab Emirates",2010,7.097,10.914,0.912,66.4,0.878
"United Arab Emirates",2011,7.119,10.935,0.881,66.42,0.889
"United Arab Emirates",2012,7.218,10.958,0.856,66.44,0.92
"United Arab Emirates",2013,6.621,11.001,0.864,66.46,0.936
"United Arab Emirates",2014,6.54,11.041,NA,66.48,NA
"United Arab Emirates",2015,6.568,11.086,0.824,66.5,0.915
"United Arab Emirates",2016,6.831,11.105,0.849,66.7,0.949
"United Arab Emirates",2017,7.039,11.115,0.836,66.9,0.962
"United Arab Emirates",2018,6.604,11.112,0.851,67.1,0.944
"United Arab Emirates",2019,6.711,11.114,0.862,67.3,0.911
"United Arab Emirates",2020,6.458,11.053,0.827,67.5,0.942
"United Kingdom",2005,6.984,10.663,0.979,69.9,0.922
"United Kingdom",2007,6.802,10.699,0.97,70.46,0.838
"United Kingdom",2008,6.986,10.689,0.954,70.74,0.759
"United Kingdom",2009,6.907,10.638,0.964,71.02,0.816
"United Kingdom",2010,7.029,10.649,0.955,71.3,0.841
"United Kingdom",2011,6.869,10.657,0.949,71.38,0.9
"United Kingdom",2012,6.881,10.664,0.935,71.46,0.889
"United Kingdom",2013,6.918,10.679,0.937,71.54,0.905
"United Kingdom",2014,6.758,10.697,0.91,71.62,0.857
"United Kingdom",2015,6.515,10.712,0.936,71.7,0.833
"United Kingdom",2016,6.824,10.724,0.954,71.9,0.821
"United Kingdom",2017,7.103,10.736,0.937,72.1,0.813
"United Kingdom",2018,7.233,10.743,0.928,72.3,0.838
"United Kingdom",2019,7.157,10.751,0.943,72.5,0.854
"United Kingdom",2020,6.798,10.626,0.929,72.7,0.885
"United States",2006,7.182,10.924,0.965,68.06,0.911
"United States",2007,7.513,10.933,NA,68.22,0.872
"United States",2008,7.28,10.922,0.953,68.38,0.878
"United States",2009,7.158,10.888,0.912,68.54,0.831
"United States",2010,7.164,10.905,0.926,68.7,0.828
"United States",2011,7.115,10.913,0.922,68.68,0.863
"United States",2012,7.026,10.928,0.903,68.66,0.823
"United States",2013,7.249,10.939,0.925,68.64,0.792
"United States",2014,7.151,10.956,0.902,68.62,0.866
"United States",2015,6.864,10.977,0.904,68.6,0.849
"United States",2016,6.804,10.986,0.897,68.5,0.758
"United States",2017,6.992,11.001,0.921,68.4,0.868
"United States",2018,6.883,11.025,0.904,68.3,0.825
"United States",2019,6.944,11.043,0.917,68.2,0.836
"United States",2020,7.028,11.001,0.937,68.1,0.85
"Uruguay",2006,5.786,9.543,0.912,67.44,0.807
"Uruguay",2007,5.694,9.604,0.875,67.58,0.786
"Uruguay",2008,5.664,9.671,0.879,67.72,0.808
"Uruguay",2009,6.296,9.71,0.924,67.86,0.825
"Uruguay",2010,6.062,9.782,0.893,68,0.832
"Uruguay",2011,6.554,9.83,0.891,68.14,0.851
"Uruguay",2012,6.45,9.861,0.865,68.28,0.871
"Uruguay",2013,6.444,9.904,0.917,68.42,0.888
"Uruguay",2014,6.561,9.932,0.902,68.56,0.904
"Uruguay",2015,6.628,9.932,0.891,68.7,0.917
"Uruguay",2016,6.171,9.946,0.9,68.8,0.886
"Uruguay",2017,6.336,9.968,0.914,68.9,0.898
"Uruguay",2018,6.372,9.98,0.917,69,0.876
"Uruguay",2019,6.6,9.979,0.933,69.1,0.903
"Uruguay",2020,6.31,9.937,0.921,69.2,0.908
"Uzbekistan",2006,5.232,8.193,0.903,61.44,0.784
"Uzbekistan",2008,5.311,8.339,0.894,62.32,0.831
"Uzbekistan",2009,5.261,8.4,0.905,62.76,NA
"Uzbekistan",2010,5.095,8.445,0.903,63.2,NA
"Uzbekistan",2011,5.739,8.493,0.924,63.4,0.934
"Uzbekistan",2012,6.019,8.55,0.933,63.6,0.914
"Uzbekistan",2013,5.94,8.607,0.963,63.8,0.95
"Uzbekistan",2014,6.049,8.659,0.952,64,0.954
"Uzbekistan",2015,5.972,8.714,0.968,64.2,0.98
"Uzbekistan",2016,5.893,8.756,0.945,64.5,0.984
"Uzbekistan",2017,6.421,8.782,0.942,64.8,0.985
"Uzbekistan",2018,6.205,8.818,0.921,65.1,0.97
"Uzbekistan",2019,6.154,8.853,0.915,65.4,0.97
"Venezuela",2005,7.17,9.313,0.955,65.4,0.838
"Venezuela",2006,6.525,9.46,0.946,65.46,0.798
"Venezuela",2008,6.258,9.701,0.922,65.58,0.678
"Venezuela",2009,7.189,9.542,0.945,65.64,0.677
"Venezuela",2010,7.478,9.717,0.932,65.7,0.768
"Venezuela",2011,6.58,9.822,0.931,65.74,0.766
"Venezuela",2012,7.067,9.826,0.932,65.78,0.804
"Venezuela",2013,6.553,9.739,0.896,65.82,0.642
"Venezuela",2014,6.136,9.557,0.904,65.86,0.57
"Venezuela",2015,5.569,9.001,0.911,65.9,0.512
"Venezuela",2016,4.041,9.01,0.902,66.1,0.458
"Venezuela",2017,5.071,9.073,0.896,66.3,0.636
"Venezuela",2018,5.006,NA,0.887,66.5,0.611
"Venezuela",2019,5.081,NA,0.888,66.7,0.626
"Venezuela",2020,4.574,NA,0.805,66.9,0.612
"Vietnam",2006,5.294,8.335,0.888,65.86,0.886
"Vietnam",2007,5.422,8.394,0.856,66.02,0.918
"Vietnam",2008,5.48,8.44,0.805,66.18,0.889
"Vietnam",2009,5.304,8.483,0.815,66.34,0.834
"Vietnam",2010,5.296,8.535,0.787,66.5,0.831
"Vietnam",2011,5.767,8.585,0.898,66.66,0.818
"Vietnam",2012,5.535,8.626,0.775,66.82,0.856
"Vietnam",2013,5.023,8.668,0.759,66.98,0.92
"Vietnam",2014,5.085,8.716,0.792,67.14,NA
"Vietnam",2015,5.076,8.77,0.849,67.3,NA
"Vietnam",2016,5.062,8.82,0.876,67.5,0.894
"Vietnam",2017,5.175,8.876,NA,67.7,NA
"Vietnam",2018,5.296,8.934,0.832,67.9,0.909
"Vietnam",2019,5.467,8.992,0.848,68.1,0.952
"Yemen",2007,4.477,8.214,0.825,53.4,0.673
"Yemen",2009,4.809,8.278,0.756,54,0.644
"Yemen",2010,4.35,8.453,0.727,54.3,0.659
"Yemen",2011,3.746,8.336,0.663,54.3,0.638
"Yemen",2012,4.061,8.236,0.682,54.3,0.706
"Yemen",2013,4.218,8.242,0.694,54.3,0.543
"Yemen",2014,3.968,8.117,0.638,54.3,0.664
"Yemen",2015,2.983,7.858,0.669,54.3,0.61
"Yemen",2016,3.826,7.715,0.775,55.1,0.533
"Yemen",2017,3.254,7.578,0.79,55.9,0.595
"Yemen",2018,3.058,NA,0.789,56.7,0.553
"Yemen",2019,4.197,NA,0.87,57.5,0.651
"Zambia",2006,4.824,7.817,0.798,44.26,0.721
"Zambia",2007,3.998,7.871,0.688,45.72,0.682
"Zambia",2008,4.73,7.918,0.624,47.18,0.717
"Zambia",2009,5.26,7.978,0.782,48.64,0.696
"Zambia",2011,4.999,8.071,0.864,50.84,0.663
"Zambia",2012,5.013,8.114,0.78,51.58,0.788
"Zambia",2013,5.244,8.131,0.761,52.32,0.77
"Zambia",2014,4.346,8.146,0.706,53.06,0.812
"Zambia",2015,4.843,8.144,0.691,53.8,0.759
"Zambia",2016,4.348,8.151,0.767,54.3,0.812
"Zambia",2017,3.933,8.156,0.744,54.8,0.823
"Zambia",2018,4.041,8.167,0.718,55.3,0.791
"Zambia",2019,3.307,8.155,0.638,55.8,0.811
"Zambia",2020,4.838,8.117,0.767,56.3,0.75
"Zimbabwe",2006,3.826,7.711,0.822,41.58,0.431
"Zimbabwe",2007,3.28,7.666,0.828,42.86,0.456
"Zimbabwe",2008,3.174,7.461,0.843,44.14,0.344
"Zimbabwe",2009,4.056,7.563,0.806,45.42,0.411
"Zimbabwe",2010,4.682,7.729,0.857,46.7,0.665
"Zimbabwe",2011,4.846,7.846,0.865,48.12,0.633
"Zimbabwe",2012,4.955,7.983,0.896,49.54,0.47
"Zimbabwe",2013,4.69,7.985,0.799,50.96,0.576
"Zimbabwe",2014,4.184,7.991,0.766,52.38,0.642
"Zimbabwe",2015,3.703,7.992,0.736,53.8,0.667
"Zimbabwe",2016,3.735,7.984,0.768,54.4,0.733
"Zimbabwe",2017,3.638,8.016,0.754,55,0.753
"Zimbabwe",2018,3.616,8.049,0.775,55.6,0.763
"Zimbabwe",2019,2.694,7.95,0.759,56.2,0.632
"Zimbabwe",2020,3.16,7.829,0.717,56.8,0.643
